PRAGMA	foreign_keys	=	ON;


INSERT INTO Ranking_Final (rankingFinalID, Posicao, NMedalhas) VALUES
(1, 1, 15),
(2, 2, 14),
(3, 3, 13),
(4, 4, 12),
(5, 5, 11),
(6, 6, 10),
(7, 7, 9),
(8, 8, 8),
(9, 9, 7),
(10, 10, 6);

INSERT INTO Clube (ClubeID, NomeClube, DataFundacao, Morada, rankingFinalID) VALUES
(101, 'Clube A', '2020-01-01', 'Rua A, Cidade A', 1),
(102, 'Clube B', '2015-03-10', 'Rua B, Cidade B', 2),
(103, 'Clube C', '2008-11-22', 'Rua C, Cidade C', 3),
(104, 'Clube D', '2000-04-15', 'Rua D, Cidade D', 4),
(105, 'Clube E', '2012-09-08', 'Rua E, Cidade E', 5),
(106, 'Clube F', '2017-06-05', 'Rua F, Cidade F', 6),
(107, 'Clube G', '2006-12-30', 'Rua G, Cidade G', 7),
(108, 'Clube H', '2019-08-18', 'Rua H, Cidade H', 8),
(109, 'Clube I', '2014-02-28', 'Rua I, Cidade I', 9),
(110, 'Clube J', '2011-10-20', 'Rua J, Cidade J', 10);

INSERT INTO Escalao (EscalaoID, NomeEscalao, IdadeMin, IdadeMax) VALUES 
(120, 'Infantil', 8, 10),
(121, 'Juvenil', 11, 14),
(122, 'Júnior', 15, 17),
(123, 'Sénior', 18, 25);



INSERT INTO Nadador (NadadorID, NomeNadador, DataNascimento, GeneroNadador, Nacionalidade, ClubeID, EscalaoID) VALUES 
--Clube 101
(1001, 'Nadador1','2012-01-15', 'Masculino', 'Nacionalidade21', 101, 120),  
(1002, 'Nadador2','2009-04-22', 'Masculino', 'Nacionalidade22', 101, 121),   
(1003, 'Nadador3','2005-06-30', 'Masculino', 'Nacionalidade23', 101, 122), 
(1004, 'Nadador4','2001-09-12', 'Masculino', 'Nacionalidade24', 101, 123),
(1005, 'Nadador5','2012-03-20', 'Masculino', 'Nacionalidade25', 101, 120),  
(1006, 'Nadador6','2009-06-10', 'Masculino', 'Nacionalidade26', 101, 121),   
(1007, 'Nadador7','2005-09-05', 'Masculino', 'Nacionalidade27', 101, 122), 
(1008, 'Nadador8','2001-12-15', 'Masculino', 'Nacionalidade28', 101, 123),
(1009, 'Nadador9','2012-02-10', 'Masculino', 'Nacionalidade29', 101, 120),  
(1010, 'Nadadora2','2009-05-15', 'Masculino', 'Nacionalidade30', 101, 121),   
(1011, 'Nadadora3', '2005-08-20', 'Feminino', 'Nacionalidade31', 101, 122), 
(1012, 'Nadadora4', '2001-11-25', 'Feminino', 'Nacionalidade32', 101, 123),
(1013, 'Nadadora5', '2012-10-10', 'Feminino', 'Nacionalidade33', 101, 120),  
(1014, 'Nadadora6', '2009-01-15', 'Feminino', 'Nacionalidade34', 101, 121),  
(1015, 'Nadadora7', '2005-04-22', 'Feminino', 'Nacionalidade35', 101, 122),  
(1016, 'Nadadora8', '2001-06-30', 'Feminino', 'Nacionalidade36', 101, 123), 
(1017, 'Nadadora9', '2012-09-12', 'Feminino', 'Nacionalidade37', 101, 120),  
(1018, 'Nadadora10', '2009-03-20', 'Feminino', 'Nacionalidade38', 101, 121), 
(1019, 'Nadadora11', '2005-06-10', 'Feminino', 'Nacionalidade39', 101, 122), 
(1020, 'Nadadora12', '2001-09-12', 'Feminino', 'Nacionalidade40', 101, 123),
(1201, 'Nadador201','2005-05-25', 'Masculino', 'Nacionalidade201', 101, 122),
(1202, 'Nadador202','2005-05-25', 'Masculino', 'Nacionalidade201', 101, 122),

--Clube 102
(1021, 'Nadador21', '2012-01-15', 'Masculino', 'Nacionalidade21', 102, 120),  
(1022, 'Nadador22', '2009-04-22', 'Masculino', 'Nacionalidade22', 102, 121), 
(1023, 'Nadador23', '2005-06-30', 'Masculino', 'Nacionalidade23', 102, 122),
(1024, 'Nadador24', '2001-09-12', 'Masculino', 'Nacionalidade24', 102, 123),
(1025, 'Nadador25', '2012-03-20', 'Masculino', 'Nacionalidade25', 102, 120),  
(1026, 'Nadador26', '2009-06-10', 'Masculino', 'Nacionalidade26', 102, 121), 
(1027, 'Nadador27', '2005-09-05', 'Masculino', 'Nacionalidade27', 102, 122),
(1028, 'Nadador28', '2001-12-15', 'Masculino', 'Nacionalidade28', 102, 123),
(1029, 'Nadador29', '2012-02-10', 'Masculino', 'Nacionalidade29', 102, 120),  
(1030, 'Nadador30', '2009-05-15', 'Masculino', 'Nacionalidade30', 102, 121), 
(1031, 'Nadadora21', '2005-08-20', 'Feminino', 'Nacionalidade31', 102, 122),
(1032, 'Nadadora22', '2001-11-25', 'Feminino', 'Nacionalidade32', 102, 123),
(1033, 'Nadadora23', '2012-10-10', 'Feminino', 'Nacionalidade33', 102, 120),  
(1034, 'Nadadora24', '2009-01-15', 'Feminino', 'Nacionalidade34', 102, 121), 
(1035, 'Nadadora25', '2005-04-22', 'Feminino', 'Nacionalidade35', 102, 122),
(1036, 'Nadadora26', '2001-06-30', 'Feminino', 'Nacionalidade36', 102, 123),
(1037, 'Nadadora27', '2012-09-12', 'Feminino', 'Nacionalidade37', 102, 120),  
(1038, 'Nadadora28', '2009-03-20', 'Feminino', 'Nacionalidade38', 102, 121), 
(1039, 'Nadadora29', '2005-06-10', 'Feminino', 'Nacionalidade39', 102, 122),
(1040, 'Nadadora30', '2001-09-12', 'Feminino', 'Nacionalidade40', 102, 123),
(1203, 'Nadador203','2005-05-25', 'Masculino', 'Nacionalidade201', 102, 122),
(1204, 'Nadador204','2005-05-25', 'Masculino', 'Nacionalidade201', 102, 122),

--Clube 103
(1041, 'Nadador41', '2012-01-15', 'Masculino', 'Nacionalidade41', 103, 120),  
(1042, 'Nadador42', '2009-04-22', 'Masculino', 'Nacionalidade42', 103, 121),  
(1043, 'Nadador43', '2005-06-30', 'Masculino', 'Nacionalidade43', 103, 122), 
(1044, 'Nadador44', '2001-09-12', 'Masculino', 'Nacionalidade44', 103, 123), 
(1045, 'Nadador45', '2012-03-20', 'Masculino', 'Nacionalidade45', 103, 120),  
(1046, 'Nadador46', '2009-06-10', 'Masculino', 'Nacionalidade46', 103, 121),  
(1047, 'Nadador47', '2005-09-05', 'Masculino', 'Nacionalidade47', 103, 122), 
(1048, 'Nadador48', '2001-12-15', 'Masculino', 'Nacionalidade48', 103, 123), 
(1049, 'Nadador49', '2012-02-10', 'Masculino', 'Nacionalidade49', 103, 120),  
(1050, 'Nadador50', '2009-05-15', 'Masculino', 'Nacionalidade50', 103, 121),  
(1051, 'Nadadora41', '2005-08-20', 'Feminino', 'Nacionalidade51', 103, 122), 
(1052, 'Nadadora42', '2001-11-25', 'Feminino', 'Nacionalidade52', 103, 123), 
(1053, 'Nadadora43', '2012-10-10', 'Feminino', 'Nacionalidade53', 103, 120),  
(1054, 'Nadadora44', '2009-01-15', 'Feminino', 'Nacionalidade54', 103, 121),  
(1055, 'Nadadora45', '2005-04-22', 'Feminino', 'Nacionalidade55', 103, 122), 
(1056, 'Nadadora46', '2001-06-30', 'Feminino', 'Nacionalidade56', 103, 123), 
(1057, 'Nadadora47', '2012-09-12', 'Feminino', 'Nacionalidade57', 103, 120), 
(1058, 'Nadadora48', '2009-03-20', 'Feminino', 'Nacionalidade58', 103, 121),  
(1059, 'Nadadora49', '2005-06-10', 'Feminino', 'Nacionalidade59', 103, 122), 
(1060, 'Nadadora50', '2001-09-12', 'Feminino', 'Nacionalidade60', 103, 123),
(1205, 'Nadador205','2005-05-25', 'Masculino', 'Nacionalidade201', 103, 122),
(1206, 'Nadador206','2005-05-25', 'Masculino', 'Nacionalidade201', 103, 122),
--Clube 104
(1061, 'Nadador61', '2012-01-15', 'Masculino', 'Nacionalidade61', 104, 120),  
(1062, 'Nadador62', '2009-04-22', 'Masculino', 'Nacionalidade62', 104, 121), 
(1063, 'Nadador63', '2005-06-30', 'Masculino', 'Nacionalidade63', 104, 122),
(1064, 'Nadador64', '2001-09-12', 'Masculino', 'Nacionalidade64', 104, 123),
(1065, 'Nadador65', '2012-03-20', 'Masculino', 'Nacionalidade65', 104, 120),  
(1066, 'Nadador66', '2009-06-10', 'Masculino', 'Nacionalidade66', 104, 121), 
(1067, 'Nadador67', '2005-09-05', 'Masculino', 'Nacionalidade67', 104, 122),
(1068, 'Nadador68', '2001-12-15', 'Masculino', 'Nacionalidade68', 104, 123),
(1069, 'Nadador69', '2012-02-10', 'Masculino', 'Nacionalidade69', 104, 120),  
(1070, 'Nadador70', '2009-05-15', 'Masculino', 'Nacionalidade70', 104, 121), 
(1071, 'Nadadora61', '2005-08-20', 'Feminino', 'Nacionalidade71', 104, 122),
(1072, 'Nadadora62', '2001-11-25', 'Feminino', 'Nacionalidade72', 104, 123),
(1073, 'Nadadora63', '2012-10-10', 'Feminino', 'Nacionalidade73', 104, 120),  
(1074, 'Nadadora64', '2009-01-15', 'Feminino', 'Nacionalidade74', 104, 121), 
(1075, 'Nadadora65', '2005-04-22', 'Feminino', 'Nacionalidade75', 104, 122),
(1076, 'Nadadora66', '2001-06-30', 'Feminino', 'Nacionalidade76', 104, 123),
(1077, 'Nadadora67', '2012-09-12', 'Feminino', 'Nacionalidade77', 104, 120),  
(1078, 'Nadadora68', '2009-03-20', 'Feminino', 'Nacionalidade78', 104, 121), 
(1079, 'Nadadora69', '2005-06-10', 'Feminino', 'Nacionalidade79', 104, 122),
(1080, 'Nadadora70', '2001-09-12', 'Feminino', 'Nacionalidade80', 104, 123),
(1207, 'Nadador207','2005-05-25', 'Masculino', 'Nacionalidade201', 104, 122),
(1208, 'Nadador208','2005-05-25', 'Masculino', 'Nacionalidade201', 104, 122),
--Clube 105
(1081, 'Nadador81', '2012-01-15', 'Masculino', 'Nacionalidade81', 105, 120),  
(1082, 'Nadador82', '2009-04-22', 'Masculino', 'Nacionalidade82', 105, 121),  
(1083, 'Nadador83', '2005-06-30', 'Masculino', 'Nacionalidade83', 105, 122), 
(1084, 'Nadador84', '2001-09-12', 'Masculino', 'Nacionalidade84', 105, 123), 
(1085, 'Nadador85', '2012-03-20', 'Masculino', 'Nacionalidade85', 105, 120),  
(1086, 'Nadador86', '2009-06-10', 'Masculino', 'Nacionalidade86', 105, 121),  
(1087, 'Nadador87', '2005-09-05', 'Masculino', 'Nacionalidade87', 105, 122), 
(1088, 'Nadador88', '2001-12-15', 'Masculino', 'Nacionalidade88', 105, 123),
(1089, 'Nadador89', '2012-02-10', 'Masculino', 'Nacionalidade89', 105, 120),  
(1090, 'Nadador90', '2009-05-15', 'Masculino', 'Nacionalidade90', 105, 121),  
(1091, 'Nadadora81', '2005-08-20', 'Feminino', 'Nacionalidade91', 105, 122), 
(1092, 'Nadadora82', '2001-11-25', 'Feminino', 'Nacionalidade92', 105, 123), 
(1093, 'Nadadora83', '2012-10-10', 'Feminino', 'Nacionalidade93', 105, 120),  
(1094, 'Nadadora84', '2009-01-15', 'Feminino', 'Nacionalidade94', 105, 121),  
(1095, 'Nadadora85', '2005-04-22', 'Feminino', 'Nacionalidade95', 105, 122), 
(1096, 'Nadadora86', '2001-06-30', 'Feminino', 'Nacionalidade96', 105, 123), 
(1097, 'Nadadora87', '2012-09-12', 'Feminino', 'Nacionalidade97', 105, 120),  
(1098, 'Nadadora88', '2009-03-20', 'Feminino', 'Nacionalidade98', 105, 121),  
(1099, 'Nadadora89', '2005-06-10', 'Feminino', 'Nacionalidade99', 105, 122), 
(1100, 'Nadadora90', '2001-09-12', 'Feminino', 'Nacionalidade100', 105, 123),
(1209, 'Nadador209','2005-05-25', 'Masculino', 'Nacionalidade201', 105, 122),
(1210, 'Nadador210','2005-05-25', 'Masculino', 'Nacionalidade201', 105, 122),
--Clube 106
(1101, 'Nadador101', '2012-01-15', 'Masculino', 'Nacionalidade101', 106, 120),  
(1102, 'Nadador102', '2009-04-22', 'Masculino', 'Nacionalidade102', 106, 121),  
(1103, 'Nadador103', '2005-06-30', 'Masculino', 'Nacionalidade103', 106, 122), 
(1104, 'Nadador104', '2001-09-12', 'Masculino', 'Nacionalidade104', 106, 123), 
(1105, 'Nadador105', '2012-03-20', 'Masculino', 'Nacionalidade105', 106, 120),  
(1106, 'Nadador106', '2009-06-10', 'Masculino', 'Nacionalidade106', 106, 121),  
(1107, 'Nadador107', '2005-09-05', 'Masculino', 'Nacionalidade107', 106, 122), 
(1108, 'Nadador108', '2001-12-15', 'Masculino', 'Nacionalidade108', 106, 123), 
(1109, 'Nadador109', '2012-02-10', 'Masculino', 'Nacionalidade109', 106, 120),  
(1110, 'Nadador110', '2009-05-15', 'Masculino', 'Nacionalidade110', 106, 121),  
(1111, 'Nadadora101', '2005-08-20', 'Feminino', 'Nacionalidade111', 106, 122), 
(1112, 'Nadadora102', '2001-11-25', 'Feminino', 'Nacionalidade112', 106, 123), 
(1113, 'Nadadora103', '2012-10-10', 'Feminino', 'Nacionalidade113', 106, 120),  
(1114, 'Nadadora104', '2009-01-15', 'Feminino', 'Nacionalidade114', 106, 121),  
(1115, 'Nadadora105', '2005-04-22', 'Feminino', 'Nacionalidade115', 106, 122), 
(1116, 'Nadadora106', '2001-06-30', 'Feminino', 'Nacionalidade116', 106, 123), 
(1117, 'Nadadora107', '2012-09-12', 'Feminino', 'Nacionalidade117', 106, 120),  
(1118, 'Nadadora108', '2009-03-20', 'Feminino', 'Nacionalidade118', 106, 121),  
(1119, 'Nadadora109', '2005-06-10', 'Feminino', 'Nacionalidade119', 106, 122), 
(1120, 'Nadadora110', '2001-09-12', 'Feminino', 'Nacionalidade120', 106, 123),
(1211, 'Nadador211','2005-05-25', 'Masculino', 'Nacionalidade201', 106, 122),
(1212, 'Nadador212','2005-05-25', 'Masculino', 'Nacionalidade201', 106, 122),
--Clube 107
(1121, 'Nadador121', '2012-01-15', 'Masculino', 'Nacionalidade121', 107, 120),  
(1122, 'Nadador122', '2009-04-22', 'Masculino', 'Nacionalidade122', 107, 121), 
(1123, 'Nadador123', '2005-06-30', 'Masculino', 'Nacionalidade123', 107, 122),
(1124, 'Nadador124', '2001-09-12', 'Masculino', 'Nacionalidade124', 107, 123),
(1125, 'Nadador125', '2012-03-20', 'Masculino', 'Nacionalidade125', 107, 120),  
(1126, 'Nadador126', '2009-06-10', 'Masculino', 'Nacionalidade126', 107, 121), 
(1127, 'Nadador127', '2005-09-05', 'Masculino', 'Nacionalidade127', 107, 122),
(1128, 'Nadador128', '2001-12-15', 'Masculino', 'Nacionalidade128', 107, 123),
(1129, 'Nadador129', '2012-02-10', 'Masculino', 'Nacionalidade129', 107, 120),  
(1130, 'Nadador130', '2009-05-15', 'Masculino', 'Nacionalidade130', 107, 121), 
(1131, 'Nadadora121', '2005-08-20', 'Feminino', 'Nacionalidade131', 107, 122),
(1132, 'Nadadora122', '2001-11-25', 'Feminino', 'Nacionalidade132', 107, 123),
(1133, 'Nadadora123', '2012-10-10', 'Feminino', 'Nacionalidade133', 107, 120),  
(1134, 'Nadadora124', '2009-01-15', 'Feminino', 'Nacionalidade134', 107, 121), 
(1135, 'Nadadora125', '2005-04-22', 'Feminino', 'Nacionalidade135', 107, 122),
(1136, 'Nadadora126', '2001-06-30', 'Feminino', 'Nacionalidade136', 107, 123),
(1137, 'Nadadora127', '2012-09-12', 'Feminino', 'Nacionalidade137', 107, 120),  
(1138, 'Nadadora128', '2009-03-20', 'Feminino', 'Nacionalidade138', 107, 121), 
(1139, 'Nadadora129', '2005-06-10', 'Feminino', 'Nacionalidade139', 107, 122),
(1140, 'Nadadora130', '2001-09-12', 'Feminino', 'Nacionalidade140', 107, 123),
(1213, 'Nadador213','2005-05-25', 'Masculino', 'Nacionalidade201', 107, 122),
(1214, 'Nadador214','2005-05-25', 'Masculino', 'Nacionalidade201', 107, 122),
--Clube 108
(1141, 'Nadador141', '2012-01-15', 'Masculino', 'Nacionalidade141', 108, 120),  
(1142, 'Nadador142', '2009-04-22', 'Masculino', 'Nacionalidade142', 108, 121),  
(1143, 'Nadador143', '2005-06-30', 'Masculino', 'Nacionalidade143', 108, 122), 
(1144, 'Nadador144', '2001-09-12', 'Masculino', 'Nacionalidade144', 108, 123), 
(1145, 'Nadador145', '2012-03-20', 'Masculino', 'Nacionalidade145', 108, 120),  
(1146, 'Nadador146', '2009-06-10', 'Masculino', 'Nacionalidade146', 108, 121),  
(1147, 'Nadador147', '2005-09-05', 'Masculino', 'Nacionalidade147', 108, 122), 
(1148, 'Nadador148', '2001-12-15', 'Masculino', 'Nacionalidade148', 108, 123),
(1149, 'Nadador149', '2012-02-10', 'Masculino', 'Nacionalidade149', 108, 120),  
(1150, 'Nadador150', '2009-05-15', 'Masculino', 'Nacionalidade150', 108, 121),  
(1151, 'Nadadora141', '2005-08-20', 'Feminino', 'Nacionalidade151', 108, 122), 
(1152, 'Nadadora142', '2001-11-25', 'Feminino', 'Nacionalidade152', 108, 123), 
(1153, 'Nadadora143', '2012-10-10', 'Feminino', 'Nacionalidade153', 108, 120),  
(1154, 'Nadadora144', '2009-01-15', 'Feminino', 'Nacionalidade154', 108, 121),  
(1155, 'Nadadora145', '2005-04-22', 'Feminino', 'Nacionalidade155', 108, 122), 
(1156, 'Nadadora146', '2001-06-30', 'Feminino', 'Nacionalidade156', 108, 123), 
(1157, 'Nadadora147', '2012-09-12', 'Feminino', 'Nacionalidade157', 108, 120),  
(1158, 'Nadadora148', '2009-03-20', 'Feminino', 'Nacionalidade158', 108, 121),  
(1159, 'Nadadora149', '2005-06-10', 'Feminino', 'Nacionalidade159', 108, 122), 
(1160, 'Nadadora150', '2001-09-12', 'Feminino', 'Nacionalidade160', 108, 123),
(1215, 'Nadador215','2005-05-25', 'Masculino', 'Nacionalidade201', 108, 122),
(1216, 'Nadador216','2005-05-25', 'Masculino', 'Nacionalidade201', 108, 122),
--Clube 109
(1161, 'Nadador161', '2012-01-15', 'Masculino', 'Nacionalidade161', 109, 120),  
(1162, 'Nadador162', '2009-04-22', 'Masculino', 'Nacionalidade162', 109, 121),  
(1163, 'Nadador163', '2005-06-30', 'Masculino', 'Nacionalidade163', 109, 122), 
(1164, 'Nadador164', '2001-09-12', 'Masculino', 'Nacionalidade164', 109, 123), 
(1165, 'Nadador165', '2012-03-20', 'Masculino', 'Nacionalidade165', 109, 120),  
(1166, 'Nadador166', '2009-06-10', 'Masculino', 'Nacionalidade166', 109, 121),  
(1167, 'Nadador167', '2005-09-05', 'Masculino', 'Nacionalidade167', 109, 122), 
(1168, 'Nadador168', '2001-12-15', 'Masculino', 'Nacionalidade168', 109, 123), 
(1169, 'Nadador169', '2012-02-10', 'Masculino', 'Nacionalidade169', 109, 120),  
(1170, 'Nadador170', '2009-05-15', 'Masculino', 'Nacionalidade170', 109, 121),  
(1171, 'Nadadora161', '2005-08-20', 'Feminino', 'Nacionalidade171', 109, 122), 
(1172, 'Nadadora162', '2001-11-25', 'Feminino', 'Nacionalidade172', 109, 123), 
(1173, 'Nadadora163', '2012-10-10', 'Feminino', 'Nacionalidade173', 109, 120),  
(1174, 'Nadadora164', '2009-01-15', 'Feminino', 'Nacionalidade174', 109, 121),  
(1175, 'Nadadora165', '2005-04-22', 'Feminino', 'Nacionalidade175', 109, 122), 
(1176, 'Nadadora166', '2001-06-30', 'Feminino', 'Nacionalidade176', 109, 123), 
(1177, 'Nadadora167', '2012-09-12', 'Feminino', 'Nacionalidade177', 109, 120),  
(1178, 'Nadadora168', '2009-03-20', 'Feminino', 'Nacionalidade178', 109, 121),  
(1179, 'Nadadora169', '2005-06-10', 'Feminino', 'Nacionalidade179', 109, 122), 
(1180, 'Nadadora170', '2001-09-12', 'Feminino', 'Nacionalidade180', 109, 123),
(1217, 'Nadador217','2005-05-25', 'Masculino', 'Nacionalidade201', 109, 122),
(1218, 'Nadador218','2005-05-25', 'Masculino', 'Nacionalidade201', 109, 122),
--Clube 110
(1181, 'Nadador181', '2012-01-15', 'Masculino', 'Nacionalidade181', 110, 120),  
(1182, 'Nadador182', '2009-04-22', 'Masculino', 'Nacionalidade182', 110, 121), 
(1183, 'Nadador183', '2005-06-30', 'Masculino', 'Nacionalidade183', 110, 122),
(1184, 'Nadador184', '2001-09-12', 'Masculino', 'Nacionalidade184', 110, 123),
(1185, 'Nadador185', '2012-03-20', 'Masculino', 'Nacionalidade185', 110, 120),  
(1186, 'Nadador186', '2009-06-10', 'Masculino', 'Nacionalidade186', 110, 121), 
(1187, 'Nadador187', '2005-09-05', 'Masculino', 'Nacionalidade187', 110, 122),
(1188, 'Nadador188', '2001-12-15', 'Masculino', 'Nacionalidade188', 110, 123),
(1189, 'Nadador189', '2012-02-10', 'Masculino', 'Nacionalidade189', 110, 120),  
(1190, 'Nadador190', '2009-05-15', 'Masculino', 'Nacionalidade190', 110, 121), 
(1191, 'Nadadora181', '2005-08-20', 'Feminino', 'Nacionalidade191', 110, 122),
(1192, 'Nadadora182', '2001-11-25', 'Feminino', 'Nacionalidade192', 110, 123),
(1193, 'Nadadora183', '2012-10-10', 'Feminino', 'Nacionalidade193', 110, 120),  
(1194, 'Nadadora184', '2009-01-15', 'Feminino', 'Nacionalidade194', 110, 121), 
(1195, 'Nadadora185', '2005-04-22', 'Feminino', 'Nacionalidade195', 110, 122),
(1196, 'Nadadora186', '2001-06-30', 'Feminino', 'Nacionalidade196', 110, 123),
(1197, 'Nadadora187', '2012-09-12', 'Feminino', 'Nacionalidade197', 110, 120),  
(1198, 'Nadadora188', '2009-03-20', 'Feminino', 'Nacionalidade198', 110, 121), 
(1199, 'Nadadora189', '2005-06-10', 'Feminino', 'Nacionalidade199', 110, 122),
(1200, 'Nadadora190', '2001-09-12', 'Feminino', 'Nacionalidade200', 110, 123),
(1219, 'Nadador219','2005-05-25', 'Masculino', 'Nacionalidade201', 110, 122),
(1220, 'Nadador220','2005-05-25', 'Masculino', 'Nacionalidade201', 110, 122);

INSERT INTO Estilo (EstiloID, Crawl, Mariposa, Brucos, Costas, Livre) VALUES
(30, TRUE, FALSE, FALSE, FALSE, FALSE),--CRAWL
(31, FALSE, TRUE, FALSE, FALSE, FALSE),--MARIPOSA
(32, FALSE, FALSE, TRUE, FALSE, FALSE),--BRUÇOS
(33, FALSE, FALSE, FALSE, TRUE, FALSE),--COSTAS
(34, FALSE, FALSE, FALSE, FALSE, TRUE);--LIVRE

INSERT INTO Distancia(DistanciaID, Comprimento) VALUES 
(70, 25), 
(71, 50), 
(72, 100), 
(73, 200), 
(74, 400), 
(75, 800);

INSERT INTO Piscina (PiscinaID, DistanciaPiscina, Localizacao)
VALUES
(80, 25, 'Localizacao1'),
(81, 50, 'Localizacao2');

INSERT INTO Competicao (CompeticaoID, NomeCompeticao, Data, PiscinaID) VALUES 
(150, 'Competicao1', '2022-05-15', 80),
(151, 'Competicao2', '2022-07-20', 81);


INSERT INTO Patrocinios (PatrociniosID, Patrocinador, TipoPatrocinio) VALUES 
(201, 'Empresa1', 'Main Sponsor'),
(202, 'Empresa2', 'Supporting Sponsor'),
(203, 'Empresa3', 'Event Sponsor'),
(204, 'Empresa4', 'Main Sponsor'),
(205, 'Empresa5', 'Supporting Sponsor'),
(206, 'Empresa6', 'Event Sponsor');

INSERT INTO Patrocina (PatrociniosID, CompeticaoID)
VALUES
(201, 150),
(202, 150), 
(203, 150), 
(204, 151),
(205, 151),
(206, 151); 


INSERT INTO Prova (ProvaID, GeneroProva, EscalaoID, DistanciaID, EstiloID, CompeticaoID) VALUES 
--Competição 1
(200, 'Masculino', 121, 70, 31, 150),
(201, 'Feminino', 120, 71, 32, 150),
(202, 'Masculino', 122, 72, 33, 150),
(203, 'Feminino', 123, 73, 34, 150),
(204, 'Masculino', 120, 74, 30, 150),
(205, 'Feminino', 121, 75, 31, 150),
(206, 'Masculino', 123, 70, 32, 150),
(207, 'Feminino', 122, 71, 33, 150),
(208, 'Masculino', 120, 72, 34, 150),
(209, 'Feminino', 121, 73, 30, 150),
(210, 'Masculino', 122, 74, 31, 150),
(211, 'Feminino', 123, 75, 32, 150),
(212, 'Masculino', 120, 70, 33, 150),
(213, 'Feminino', 121, 71, 34, 150),
(214, 'Masculino', 122, 72, 30, 150),
--Competição 2
(215, 'Masculino', 121, 73, 31, 151),
(216, 'Feminino', 120, 74, 32, 151),
(217, 'Masculino', 122, 75, 33, 151),
(218, 'Feminino', 123, 71, 34, 151),
(219, 'Masculino', 120, 71, 30, 151),
(220, 'Feminino', 121, 72, 31, 151),
(221, 'Masculino', 123, 73, 32, 151),
(222, 'Feminino', 122, 74, 33, 151),
(223, 'Masculino', 120, 75, 34, 151),
(224, 'Feminino', 121, 71, 30, 151),
(225, 'Masculino', 122, 71, 31, 151),
(226, 'Feminino', 123, 72, 32, 151),
(227, 'Masculino', 120, 73, 33, 151),
(228, 'Feminino', 121, 74, 34, 151),
(229, 'Masculino', 122, 75, 30, 151);



INSERT INTO Prova_Estafetas (ProvaID, EstafetasID, Equipas)
VALUES
(202, 700, 'Equipa 1'),
(202, 701, 'Equipa 2'),
(202, 702, 'Equipa 3'),
(202, 703, 'Equipa 4'),
(202, 704, 'Equipa 5'),
(202, 705, 'Equipa 6'),
(202, 706, 'Equipa 7'),
(202, 707, 'Equipa 8'),
(202, 708, 'Equipa 9'),
(202, 709, 'Equipa 10');

INSERT INTO SplitEstafetas (NadadorID, EstafetasID, TempoSplit, DistanciaSplit) VALUES
--Clube1
(1003, 700, '00:39:50', 25),
(1007, 700, '00:39:40', 25),
(1201, 700, '00:40:00', 25),
(1202, 700, '00:39:50', 25),
--Clube2
(1023, 701, '00:39:51', 25),
(1027, 701, '00:39:41', 25),
(1203, 701, '00:40:01', 25),
(1204, 701, '00:39:51', 25),
--Clube3
(1043, 702, '00:39:52', 25),
(1047, 702, '00:39:42', 25),
(1205, 702, '00:40:02', 25),
(1206, 702, '00:39:52', 25),
--Clube4
(1063, 703, '00:39:53', 25),
(1067, 703, '00:39:43', 25),
(1207, 703, '00:40:03', 25),
(1208, 703, '00:39:53', 25),
--Clube5
(1083, 704, '00:39:54', 25),
(1087, 704, '00:39:44', 25),
(1209, 704, '00:40:04', 25),
(1210, 704, '00:39:54', 25),
--Clube6
(1103, 705, '00:39:55', 25),
(1107, 705, '00:39:45', 25),
(1211, 705, '00:40:05', 25),
(1212, 705, '00:39:55', 25),
--Clube7
(1133, 706, '00:39:65', 25),
(1137, 706, '00:39:46', 25),
(1213, 706, '00:40:06', 25),
(1214, 706, '00:39:56', 25),
--Clube8
(1153, 707, '00:39:67', 25),
(1157, 707, '00:39:47', 25),
(1215, 707, '00:40:07', 25),
(1216, 707, '00:39:57', 25),
--Clube9
(1173, 708, '00:39:68', 25),
(1177, 708, '00:39:48', 25),
(1217, 708, '00:40:08', 25),
(1218, 708, '00:39:58', 25),
--Clube9
(1193, 709, '00:39:69', 25),
(1197, 709, '00:39:49', 25),
(1219, 709, '00:40:09', 25),
(1220, 709, '00:39:59', 25);



INSERT INTO Prova_Individual (ProvaID, IndividualID) VALUES 
--Competição 1
(200, 800),
(201, 801),
(203, 802),
(204, 803),
(205, 804),
(206, 805),
(207, 806),
(208, 807),
(209, 808),
(210, 809),
(211, 810),
(212, 811),
(213, 812),
(214, 813),
--Competição 2
(215, 814),
(216, 815),
(218, 816),
(219, 817),
(220, 818),
(221, 819),
(222, 820),
(223, 821),
(224, 822),
(225, 823),
(226, 824),
(227, 825),
(228, 826),
(229, 827);

INSERT INTO SplitIndividuais (NadadorID, IndividualID, TempoSplit, DistanciaSplit) VALUES

--Clube 101--
    --Competição1
        --Prova1
(1002, 800, '00:39:52', 25),
(1006, 800, '00:40:10', 25),
(1010, 800, '00:40:05', 25),
        --Prova2
(1013, 801, '00:39:55', 25),
(1017, 801, '00:40:22', 25),
(1013, 801, '01:20:04', 50),
(1017, 801, '01:20:22', 50),
        --Prova3
(1012, 802, '00:40:19', 25),
(1016, 802, '00:40:06', 25),
(1020, 802, '00:40:19', 25),
(1012, 802, '05:21:04', 200),
(1016, 802, '05:21:11', 200),
(1020, 802, '05:20:49', 200),
        --Prova4
(1001, 803, '00:40:10', 25),
(1005, 803, '00:40:20', 25),
(1009, 803, '00:40:05', 25),
(1001, 803, '10:41:38', 400),
(1005, 803, '10:42:42', 400),
(1009, 803, '10:41:38', 400),
        --Prova5
(1014, 804, '00:40:02', 25),
(1018, 804, '00:40:19', 25),
(1014, 804, '21:30:15', 800),
(1018, 804, '21:30:42', 800),
        --Prova6
(1004, 805, '00:40:10', 25),
(1008, 805, '00:40:05', 25),
        --prova7
(1011, 806, '00:39:52', 25),
(1015, 806, '00:40:10', 25),
(1019, 806, '00:40:05', 25),
(1011, 806, '01:19:44', 50),
(1015, 806, '01:20:20', 50),
(1019, 806, '01:19:51', 50),
        --Prova8
(1001, 807, '00:40:08', 25),
(1005, 807, '00:40:19', 25),
(1009, 807, '00:39:57', 25),
(1001, 807, '02:40:34', 100),
(1005, 807, '02:40:12', 100),
(1009, 807, '02:40:25', 100),

        --Prova9
(1014, 808, '00:39:52', 25),
(1018, 808, '00:40:10', 25),
(1014, 808, '05:20:32', 200),
(1018, 808, '05:21:08', 200),
        --Prova10
(1003, 809, '00:40:03', 25),
(1007, 809, '00:40:08', 25),
(1003, 809, '10:40:12', 400),
(1007, 809, '10:40:16', 400),
        --Prova11
(1012, 810, '00:40:32', 25),
(1016, 810, '00:40:11', 25),
(1020, 810, '00:40:04', 25),
(1012, 810, '21:32:10', 800),
(1016, 810, '21:29:04', 800),
(1020, 810, '21:31:25', 800),
        --Prova12
(1001, 811, '00:40:05', 25),
(1005, 811, '00:40:18', 25),
(1009, 811, '00:40:14', 25),
        --Prova13
(1014, 812, '00:40:10', 25),
(1018, 812, '00:40:25', 25),
(1014, 812, '01:19:51', 50),
(1018, 812, '01:20:46', 50),
        --Prova14
(1003, 813, '00:40:12', 25),
(1007, 813, '00:40:07', 25),
(1003, 813, '02:40:48', 100),
(1007, 813, '02:40:28', 100),

    --Competiçao2
        --Prova1
(1002, 814, '01:19:44', 50),
(1006, 814, '01:20:20', 50),
(1010, 814, '01:20:10', 50),
(1002, 814, '05:22:42', 400),
(1006, 814, '05:21:38', 400),
(1010, 814, '05:21:72', 400),

        --Prova2
(1013, 815, '01:19:50', 50),
(1017, 815, '01:20:44', 50),
(1013, 815, '10:41:38', 400),
(1017, 815, '10:42:42', 400),
        --Prova3
(1012, 816, '01:20:38', 50),
(1016, 816, '01:20:12', 50),
(1020, 816, '01:20:38', 50),

        --Prova4
(1001, 817, '01:20:20', 50),
(1005, 817, '01:20:40', 50),
(1009, 817, '01:20:10', 50),

        --Prova5
(1014, 818, '01:20:04', 50),
(1018, 818, '01:20:38', 50),
(1014, 818, '02:40:34', 100),
(1018, 818, '02:40:12', 100),

        --Prova6
(1004, 819, '01:20:20', 50),
(1008, 819, '01:20:10', 50),
(1004, 819, '05:20:32', 200),
(1008, 819, '05:21:08', 200),

        --prova7
(1011, 820, '01:19:44', 50),
(1015, 820, '01:20:20', 50),
(1019, 820, '01:20:10', 50),
(1011, 820, '10:40:12', 400),
(1015, 820, '10:42:16', 400),
(1019, 820, '10:43:09', 400),

        --Prova8
(1001, 821, '01:20:16', 50),
(1005, 821, '01:20:38', 50),
(1009, 821, '01:19:54', 50),
(1001, 821, '21:32:10', 800),
(1005, 821, '21:29:04', 800),
(1009, 821, '21:31:25', 800),

        --Prova9
(1014, 822, '01:19:44', 50),
(1018, 822, '01:20:20', 50),
        --Prova10
(1003, 823, '01:20:06', 50),
(1007, 823, '01:20:16', 50),
        --Prova11
(1012, 824, '01:20:04', 50),
(1016, 824, '01:00:22', 50),
(1020, 824, '01:26:08', 50),
(1012, 824, '02:32:10', 100),
(1016, 824, '02:29:04', 100),
(1020, 824, '02:31:25', 100),
        --Prova12
(1001, 825, '01:20:10', 50),
(1005, 825, '01:20:36', 50),
(1009, 825, '01:20:28', 50),
(1001, 825, '05:22:04', 200),
(1005, 825, '05:21:34', 200),
(1009, 825, '05:23:44', 200),
        --Prova13
(1014, 826, '01:20:20', 50),
(1018, 826, '01:20:50', 50),
(1014, 826, '10:42:10', 400),
(1018, 826, '10:43:39', 400),
        --Prova14
(1003, 827, '01:20:24', 50),
(1007, 827, '01:20:14', 50),
(1003, 827, '21:29:04', 800),
(1007, 827, '21:31:25', 800),



--Clube 102--
    --Competição1
        --Prova1
(1022, 800, '00:40:18', 25),
(1026, 800, '00:39:54', 25),
(1030, 800, '00:40:02', 25),
        --Prova2
(1033, 801, '00:40:13', 25),
(1037, 801, '00:40:04', 25),
(1033, 801, '01:20:17', 50),
(1037, 801, '01:20:30', 50),
        --Prova3
(1032, 802, '00:40:08', 25),
(1036, 802, '00:40:23', 25),
(1040, 802, '00:40:14', 25),
(1032, 802, '05:21:11', 200),
(1036, 802, '05:21:04', 200),
(1040, 802, '05:21:15', 200),
        --Prova4
(1021, 803, '00:40:08', 25),
(1025, 803, '00:40:19', 25),
(1029, 803, '00:40:02', 25),
(1021, 803, '10:41:38', 400),
(1025, 803, '10:41:04', 400),
(1029, 803, '10:41:38', 400),
        --Prova5
(1034, 804, '00:40:04', 25),
(1038, 804, '00:40:23', 25),
(1034, 804, '21:30:18', 800),
(1038, 804, '21:30:05', 800),
        --Prova6
(1024, 805, '00:40:18', 25),
(1028, 805, '00:39:54', 25),
        --Prova7
(1031, 806, '00:40:18', 25),
(1035, 806, '00:39:54', 25),
(1039, 806, '00:40:02', 25),
(1031, 806, '01:20:17', 50),
(1035, 806, '01:18:54', 50),
(1039, 806, '01:19:44', 50),
        --Prova8
(1021, 807, '00:40:19', 25),
(1025, 807, '00:40:12', 25),
(1029, 807, '00:40:25', 25),
(1021, 807, '02:40:16', 100),
(1025, 807, '02:40:18', 100),
(1029, 807, '02:40:20', 100),
        --Prova9
(1034, 808, '00:40:05', 25),
(1038, 808, '00:40:18', 25),
(1034, 808, '05:20:49', 200),
(1038, 808, '05:21:15', 200),
        --Prova10
(1023, 809, '00:40:06', 25),
(1027, 809, '00:40:11', 25),
(1023, 809, '10:40:18', 400),
(1027, 809, '10:40:23', 400),
        --Prova11
(1032, 810, '00:40:02', 25),
(1036, 810, '00:40:19', 25),
(1040, 810, '00:40:13', 25),
(1032, 810, '21:32:10', 800),
(1036, 810, '21:29:04', 800),
(1040, 810, '21:31:25', 800),
        --Prova12
(1021, 811, '00:40:20', 25),
(1025, 811, '00:40:06', 25),
(1029, 811, '00:40:11', 25),
        --Prova13
(1034, 812, '00:40:05', 25),
(1038, 812, '00:40:23', 25),
(1034, 812, '01:19:54', 50),
(1038, 812, '01:20:15', 50),
        --Prova14
(1023, 813, '00:40:25', 25),
(1027, 813, '00:39:58', 25),
(1023, 813, '02:40:50', 100),
(1027, 813, '02:39:52', 100),
        --Competição 2
        --Prova1
(1022, 814, '01:20:36', 50),
(1026, 814, '01:19:48', 50),
(1030, 814, '01:20:04', 50),
(1022, 814, '05:21:11', 200),
(1026, 814, '05:21:04', 200),
(1030, 814, '05:21:15', 200),
        --Prova2
(1033, 815, '01:20:26', 50),
(1037, 815, '01:20:08', 50),
(1033, 815, '10:41:38', 400),
(1037, 815, '10:41:04', 400),
        --Prova3
(1032, 816, '01:20:16', 50),
(1036, 816, '01:20:46', 50),
(1040, 816, '01:20:28', 50),
        --Prova4
(1021, 817, '01:20:16', 50),
(1025, 817, '01:20:38', 50),
(1029, 817, '01:20:04', 50),
        --Prova5
(1034, 818, '01:20:08', 50),
(1038, 818, '01:20:46', 50),
(1034, 818, '02:40:16', 100),
(1038, 818, '02:40:18', 100),
        --Prova6
(1024, 819, '01:20:36', 50),
(1028, 819, '01:19:48', 50),
(1024, 819, '05:20:49', 200),
(1028, 819, '05:21:15', 200),
        --Prova7
(1031, 820, '01:20:36', 50),
(1035, 820, '01:19:48', 50),
(1039, 820, '01:20:04', 50),
(1031, 820, '10:40:18', 400),
(1035, 820, '10:40:23', 400),
(1039, 820, '10:40:28', 400),
        --Prova8
(1021, 821, '01:20:38', 50),
(1025, 821, '01:20:24', 50),
(1029, 821, '01:20:50', 50),
(1021, 821, '21:32:10', 800),
(1025, 821, '21:29:04', 800),
(1029, 821, '21:32:17', 800),
        --Prova9
(1034, 822, '01:20:10', 50),
(1038, 822, '01:20:36', 50),
        --Prova10
(1023, 823, '01:20:12', 50),
(1027, 823, '01:20:22', 50),
        --Prova11
(1032, 824, '01:20:04', 50),
(1036, 824, '01:20:38', 50),
(1040, 824, '01:20:26', 50),
(1032, 824, '02:40:50', 100),
(1036, 824, '02:39:52', 100),
(1032, 824, '02:40:57', 100),
        --Prova12
(1021, 825, '01:20:40', 50),
(1025, 825, '01:20:12', 50),
(1029, 825, '01:20:22', 50),
(1021, 825, '05:21:54', 200),
(1025, 825, '05:21:49', 200),
(1029, 825, '05:21:34', 200),

        --Prova13
(1034, 826, '01:20:10', 50),
(1038, 826, '01:20:46', 50),
(1034, 826, '10:42:08', 400),
(1038, 826, '10:41:04', 400),
        --Prova14
(1023, 827, '01:20:50', 50),
(1027, 827, '01:19:56', 50),
(1023, 827, '21:31:25', 800),
(1027, 827, '21:31:40', 800),


--Clube 103--
--Competição1
        --Prova1
(1042, 800, '00:40:25', 25),
(1046, 800, '00:39:58', 25),
(1050, 800, '00:40:12', 25),
        --Prova2
(1053, 801, '00:40:11', 25),
(1057, 801, '00:40:17', 25),
(1053, 801, '01:19:56', 50),
(1057, 801, '01:20:04', 50),
        --Prova3
(1052, 802, '00:40:12', 25),
(1056, 802, '00:40:17', 25),
(1060, 802, '00:40:04', 25),
(1052, 802, '05:21:54', 200),
(1056, 802, '05:21:49', 200),
(1060, 802, '05:21:45', 200),
        --Prova4
(1041, 803, '00:40:14', 25),
(1045, 803, '00:40:01', 25),
(1049, 803, '00:40:06', 25),
(1041, 803, '10:42:08', 400),
(1045, 803, '10:41:04', 400),
(1049, 803, '10:42:30', 400),
        --Prova5
(1054, 804, '00:40:12', 25),
(1058, 804, '00:40:17', 25),
(1054, 804, '21:29:48', 800),
(1058, 804, '21:30:05', 800),
        --Prova6
(1048, 805, '00:40:07', 25),
(1052, 805, '00:40:21', 25),
        --Prova7
(1051, 806, '00:40:05', 25),
(1055, 806, '00:40:23', 25),
(1059, 806, '00:40:14', 25),
(1051, 806, '01:20:16', 50),
(1055, 806, '01:20:20', 50),
(1059, 806, '01:19:51', 50),
        --Prova8
(1041, 807, '00:40:06', 25),
(1045, 807, '00:40:16', 25),
(1049, 807, '00:40:29', 25),
(1041, 807, '02:40:52', 100),
(1045, 807, '02:40:56', 100),
(1049, 807, '02:41:00', 100),
        --Prova9
(1054, 808, '00:40:02', 25),
(1058, 808, '00:40:25', 25),
(1054, 808, '05:20:32', 200),
(1058, 808, '05:21:48', 200),
        --Prova10
(1043, 809, '00:40:10', 25),
(1047, 809, '00:40:13', 25),
(1043, 809, '10:40:32', 400),
(1047, 809, '10:40:34', 400),
        --Prova11
(1052, 810, '00:40:08', 25),
(1056, 810, '00:40:23', 25),
(1060, 810, '00:40:17', 25),
(1052, 810, '21:31:25', 800),
(1056, 810, '21:31:40', 800),
(1060, 810, '21:27:59', 800),
        --Prova12
(1041, 811, '00:40:14', 25),
(1045, 811, '00:40:01', 25),
(1049, 811, '00:40:20', 25),
        --Prova13
(1054, 812, '00:40:07', 25),
(1058, 812, '00:40:25', 25),
(1054, 812, '01:19:57', 50),
(1058, 812, '01:20:11', 50),
        --Prova14
(1043, 813, '00:40:18', 25),
(1047, 813, '00:39:54', 25),
(1043, 813, '02:40:12', 100),
(1047, 813, '02:38:36', 100),

--Competição 2
        -- Prova1
(1042, 814, '01:20:57', 50),
(1046, 814, '01:20:07', 50),
(1050, 814, '01:20:30', 50),
(1042, 814, '05:21:31', 200),
(1046, 814, '05:21:25', 200),
(1050, 814, '05:21:36', 200),
        -- Prova2
(1053, 815, '01:21:06', 50),
(1057, 815, '01:20:48', 50),
(1053, 815, '10:41:39', 400),
(1057, 815, '10:41:05', 400),
        -- Prova3
(1052, 816, '01:20:56', 50),
(1056, 816, '01:21:26', 50),
(1060, 816, '01:21:08', 50),
        -- Prova4
(1031, 817, '01:20:56', 50),
(1035, 817, '01:21:18', 50),
(1039, 817, '01:20:44', 50),
        -- Prova5
(1044, 818, '01:20:48', 50),
(1048, 818, '01:21:26', 50),
(1044, 818, '02:40:32', 100),
(1048, 818, '02:40:36', 100),
        -- Prova6
(1034, 819, '01:21:18', 50),
(1038, 819, '01:20:12', 50),
(1034, 819, '05:21:38', 200),
(1038, 819, '05:22:04', 200),
        -- Prova7
(1051, 820, '01:21:18', 50),
(1055, 820, '01:20:12', 50),
(1059, 820, '01:20:28', 50),
(1051, 820, '10:41:38', 400),
(1055, 820, '10:41:43', 400),
(1059, 820, '10:41:48', 400),
        -- Prova8
(1041, 821, '01:21:28', 50),
(1045, 821, '01:20:62', 50),
(1049, 821, '01:21:30', 50),
(1041, 821, '21:32:30', 800),
(1045, 821, '21:29:24', 800),
(1049, 821, '21:32:37', 800),
        -- Prova9
(1044, 822, '01:20:10', 50),
(1048, 822, '01:20:36', 50),
        -- Prova10
(1043, 823, '01:20:52', 50),
(1047, 823, '01:21:02', 50),
        -- Prova11
(1052, 824, '01:20:44', 50),
(1056, 824, '01:21:18', 50),
(1060, 824, '01:20:52', 50),
(1052, 824, '02:41:20', 100),
(1056, 824, '02:40:22', 100),
(1060, 824, '02:41:29', 100),
        -- Prova12
(1041, 825, '01:21:18', 50),
(1045, 825, '01:20:50', 50),
(1049, 825, '01:21:00', 50),
(1041, 825, '05:22:28', 200),
(1045, 825, '05:22:18', 200),
(1049, 825, '05:22:40', 200),
        -- Prova13
(1054, 826, '01:20:20', 50),
(1058, 826, '01:20:56', 50),
(1054, 826, '10:42:28', 400),
(1058, 826, '10:41:24', 400),
        -- Prova14
(1043, 827, '01:21:30', 50),
(1047, 827, '01:19:56', 50),
(1043, 827, '21:31:35', 800),
(1047, 827, '21:31:20', 800),

 
--Clube 104--
--Competição1
        --Prova1
(1062, 800, '00:40:07', 25),
(1066, 800, '00:40:21', 25),
(1070, 800, '00:40:15', 25),
        --Prova2
(1073, 801, '00:40:09', 25),
(1077, 801, '00:39:56', 25),
(1073, 801, '01:20:27', 50),
(1077, 801, '01:19:58', 50),
        --Prova3
(1072, 802, '00:40:17', 25),
(1076, 802, '00:40:11', 25),
(1080, 802, '00:40:04', 25),
(1072, 802, '05:21:15', 200),
(1076, 802, '05:20:05', 200),
(1080, 802, '05:20:15', 200),
        --Prova4
(1061, 803, '00:40:13', 25),
(1065, 803, '00:40:09', 25),
(1069, 803, '00:40:02', 25),
(1061, 803, '10:42:08', 400),
(1065, 803, '10:42:30', 400),
(1069, 803, '10:41:04', 400),
        --Prova5
(1074, 804, '00:40:11', 25),
(1078, 804, '00:40:04', 25),
(1074, 804, '21:30:12', 800),
(1078, 804, '21:30:15', 800),
        --Prova6
(1064, 805, '00:40:15', 25),
(1068, 805, '00:40:02', 25),
        --Prova7
(1071, 806, '00:40:25', 25),
(1075, 806, '00:40:11', 25),
(1079, 806, '00:40:04', 25),
(1071, 806, '01:20:17', 50),
(1075, 806, '01:20:17', 50),
(1079, 806, '01:20:20', 50),
        --Prova8
(1061, 807, '00:40:18', 25),
(1065, 807, '00:40:12', 25),
(1069, 807, '00:40:25', 25),
(1061, 807, '02:41:12', 100),
(1065, 807, '02:41:16', 100),
(1069, 807, '02:41:20', 100),
        --Prova9
(1074, 808, '00:40:11', 25),
(1078, 808, '00:40:04', 25),
(1074, 808, '05:20:49', 200),
(1078, 808, '05:19:57', 200),
        --Prova10
(1063, 809, '00:40:16', 25),
(1067, 809, '00:40:19', 25),
(1063, 809, '10:40:52', 400),
(1067, 809, '10:40:56', 400),
        --Prova11
(1072, 810, '00:40:17', 25),
(1076, 810, '00:40:11', 25),
(1080, 810, '00:40:04', 25),
(1072, 810, '21:32:10', 800),
(1076, 810, '21:29:04', 800),
(1080, 810, '21:30:15', 800),
        --Prova12
(1061, 811, '00:40:10', 25),
(1065, 811, '00:40:16', 25),
(1069, 811, '00:40:06', 25),
        --Prova13
(1074, 812, '00:40:19', 25),
(1078, 812, '00:40:06', 25),
(1074, 812, '01:20:02', 50),
(1078, 812, '01:20:14', 50),
        --Prova14
(1063, 813, '00:40:02', 25),
(1067, 813, '00:40:25', 25),
(1063, 813, '02:40:08', 100),
(1067, 813, '02:42:00', 100),

--Competiçao2
        --Prova1
(1062, 814, '01:19:46', 50),
(1066, 814, '01:20:22', 50),
(1070, 814, '01:20:12', 50),
(1062, 814, '05:22:43', 400),
(1066, 814, '05:21:39', 400),
(1070, 814, '05:21:73', 400),

        --Prova2
(1073, 815, '00:39:56', 50),
(1077, 815, '00:40:23', 50),
(1073, 815, '10:41:39', 400),
(1077, 815, '10:42:43', 400),

        --Prova3
(1072, 816, '01:20:40', 50),
(1076, 816, '01:20:14', 50),
(1080, 816, '01:20:40', 50),

        --Prova4
(1061, 817, '01:20:22', 50),
(1065, 817, '01:20:42', 50),
(1069, 817, '01:20:12', 50),

        --Prova5
(1074, 818, '01:20:06', 50),
(1078, 818, '01:20:40', 50),
(1074, 818, '02:40:35', 100),
(1078, 818, '02:40:13', 100),

        --Prova6
(1064, 819, '01:22:20', 50),
(1068, 819, '01:22:10', 50),
(1064, 819, '05:20:33', 200),
(1068, 819, '05:21:09', 200),

        --prova7
(1071, 820, '01:19:46', 50),
(1075, 820, '01:20:22', 50),
(1079, 820, '01:20:12', 50),
(1071, 820, '10:40:13', 400),
(1075, 820, '10:42:17', 400),
(1079, 820, '10:43:10', 400),

        --Prova8
(1061, 821, '01:20:18', 50),
(1065, 821, '01:20:40', 50),
(1069, 821, '01:19:56', 50),
(1061, 821, '21:32:11', 800),
(1065, 821, '21:29:05', 800),
(1069, 821, '21:31:26', 800),

        --Prova9
(1074, 822, '01:19:46', 50),
(1078, 822, '01:20:22', 50),

        --Prova10
(1063, 823, '01:20:08', 50),
(1067, 823, '01:20:18', 50),

        --Prova11
(1072, 824, '01:20:66', 50),
(1076, 824, '01:00:24', 50),
(1080, 824, '01:26:10', 50),
(1072, 824, '02:32:11', 100),
(1076, 824, '02:29:05', 100),
(1080, 824, '02:31:26', 100),

        --Prova12
(1061, 825, '01:20:12', 50),
(1065, 825, '01:20:38', 50),
(1069, 825, '01:20:30', 50),
(1061, 825, '05:22:05', 200),
(1065, 825, '05:21:35', 200),
(1069, 825, '05:23:45', 200),

        --Prova13
(1074, 826, '01:20:22', 50),
(1078, 826, '01:20:52', 50),
(1074, 826, '10:42:11', 400),
(1078, 826, '10:43:40', 400),

        --Prova14
(1063, 827, '01:20:26', 50),
(1067, 827, '01:20:16', 50),
(1063, 827, '21:29:05', 800),
(1067, 827, '21:31:26', 800),

    


--Clube 105--
--Competição1
        --Prova1
(1082, 800, '00:39:57', 25),
(1086, 800, '00:40:03', 25),
(1090, 800, '00:40:08', 25),
        --Prova2
(1093, 801, '00:40:19', 25),
(1097, 801, '00:40:06', 25),
(1093, 801, '01:20:12', 50),
(1097, 801, '01:20:07', 50),
        --Prova3
(1092, 802, '00:39:52', 25),
(1096, 802, '00:40:10', 25),
(1100, 802, '00:40:05', 25),
(1092, 802, '05:21:15', 200),
(1096, 802, '05:20:15', 200),
(1100, 802, '05:20:09', 200),
        --Prova4
(1081, 803, '00:40:04', 25),
(1085, 803, '00:40:25', 25),
(1089, 803, '00:40:17', 25),
(1081, 803, '10:42:16', 400),
(1085, 803, '10:41:38', 400),
(1089, 803, '10:42:30', 400),
        --Prova5
(1094, 804, '00:40:10', 25),
(1098, 804, '00:40:05', 25),
(1094, 804, '21:30:16', 800),
(1098, 804, '21:30:19', 800),
        --Prova6
(1084, 805, '00:40:19', 25),
(1088, 805, '00:40:06', 25),
        --Prova7
(1091, 806, '00:39:52', 25),
(1095, 806, '00:40:10', 25),
(1099, 806, '00:40:05', 25),
(1091, 806, '01:20:17', 50),
(1095, 806, '01:20:16', 50),
(1099, 806, '01:20:15', 50),
        --Prova8
(1081, 807, '00:40:10', 25),
(1085, 807, '00:40:08', 25),
(1089, 807, '00:40:19', 25),
(1081, 807, '02:40:40', 100),
(1085, 807, '02:40:32', 100),
(1089, 807, '02:40:38', 100),
        --Prova9
(1094, 808, '00:40:05', 25),
(1098, 808, '00:40:17', 25),
(1094, 808, '05:20:26', 200),
(1098, 808, '05:20:32', 200),
        --Prova10
(1083, 809, '00:40:08', 25),
(1087, 809, '00:40:10', 25),
(1083, 809, '10:40:34', 400),
(1087, 809, '10:40:38', 400),
        --Prova11
(1092, 810, '00:39:52', 25),
(1096, 810, '00:40:10', 25),
(1100, 810, '00:40:05', 25),
(1092, 810, '21:29:48', 800),
(1096, 810, '21:31:40', 800),
(1100, 810, '21:30:42', 800),
        --Prova12
(1081, 811, '00:40:14', 25),
(1085, 811, '00:40:11', 25),
(1089, 811, '00:40:10', 25),
        --Prova13
(1094, 812, '00:40:17', 25),
(1098, 812, '00:40:08', 25),
(1094, 812, '01:20:22', 50),
(1098, 812, '01:20:14', 50),
        --Prova14
(1083, 813, '00:40:12', 25),
(1087, 813, '00:40:07', 25),
(1083, 813, '02:40:48', 100),
(1087, 813, '02:42:28', 100),

--Competição 2
        --Prova1
(1082, 814, '01:19:47', 50),
(1086, 814, '01:20:23', 50),
(1090, 814, '01:20:13', 50),
(1082, 814, '05:22:44', 400),
(1086, 814, '05:21:40', 400),
(1090, 814, '05:21:74', 400),

        --Prova2
(1093, 815, '00:39:57', 50),
(1097, 815, '00:40:24', 50),
(1093, 815, '10:41:40', 400),
(1097, 815, '10:42:44', 400),

        --Prova3
(1092, 816, '01:20:41', 50),
(1096, 816, '01:20:15', 50),
(1100, 816, '01:20:41', 50),

        --Prova4
(1081, 817, '01:20:23', 50),
(1085, 817, '01:20:43', 50),
(1089, 817, '01:20:13', 50),

        --Prova5
(1094, 818, '01:20:07', 50),
(1098, 818, '01:20:41', 50),
(1094, 818, '02:40:36', 100),
(1098, 818, '02:40:14', 100),

        --Prova6
(1084, 819, '01:22:21', 50),
(1088, 819, '01:22:11', 50),
(1084, 819, '05:20:34', 200),
(1088, 819, '05:21:10', 200),

        --Prova7
(1091, 820, '01:19:47', 50),
(1095, 820, '01:20:23', 50),
(1099, 820, '01:20:13', 50),
(1091, 820, '10:40:14', 400),
(1095, 820, '10:42:18', 400),
(1099, 820, '10:43:11', 400),

        --Prova8
(1081, 821, '01:20:19', 50),
(1085, 821, '01:20:41', 50),
(1089, 821, '01:19:57', 50),
(1081, 821, '21:32:12', 800),
(1085, 821, '21:29:06', 800),
(1089, 821, '21:31:27', 800),

        --Prova9
(1094, 822, '01:19:47', 50),
(1098, 822, '01:20:23', 50),

        --Prova10
(1083, 823, '01:20:09', 50),
(1087, 823, '01:20:19', 50),

        --Prova11
(1092, 824, '01:20:67', 50),
(1096, 824, '01:00:25', 50),
(1100, 824, '01:26:11', 50),
(1092, 824, '02:32:12', 100),
(1096, 824, '02:29:06', 100),
(1100, 824, '02:31:27', 100),

        --Prova12
(1081, 825, '01:20:13', 50),
(1085, 825, '01:20:39', 50),
(1089, 825, '01:20:31', 50),
(1081, 825, '05:22:06', 200),
(1085, 825, '05:21:36', 200),
(1089, 825, '05:23:46', 200),

       --Prova13
(1094, 826, '01:20:23', 50),
(1098, 826, '01:20:53', 50),
(1094, 826, '10:42:12', 400),
(1098, 826, '10:43:41', 400),

        --Prova14
(1083, 827, '01:20:28', 50),
(1087, 827, '01:20:18', 50),
(1083, 827, '21:29:07', 800),
(1087, 827, '21:31:28', 800),



--Clube 106--
--Competição1
        --Prova1
(1102, 800, '00:40:23', 25),
(1106, 800, '00:39:49', 25),
(1110, 800, '00:40:14', 25),
        --Prova2
(1113, 801, '00:40:20', 25),
(1117, 801, '00:40:01', 25),
(1113, 801, '01:20:21', 50),
(1117, 801, '01:20:15', 50),
        --Prova3
(1112, 802, '00:40:18', 25),
(1116, 802, '00:39:54', 25),
(1120, 802, '00:40:02', 25),
(1112, 802, '05:21:08', 200),
(1116, 802, '05:20:32', 200),
(1120, 802, '05:20:49', 200),
        --Prova4
(1101, 803, '00:40:25', 25),
(1105, 803, '00:39:58', 25),
(1109, 803, '00:40:12', 25),
(1101, 803, '10:41:04', 400),
(1105, 803, '10:42:08', 400),
(1109, 803, '10:42:42', 400),
        --Prova5
(1114, 804, '00:40:18', 25),
(1118, 804, '00:39:54', 25),
(1114, 804, '19:47:46', 800),
(1118, 804, '19:47:48', 800),
        --Prova6
(1104, 805, '00:40:19', 25),
(1108, 805, '00:40:06', 25),
        --Prova7
(1111, 806, '00:40:18', 25),
(1115, 806, '00:39:54', 25),
(1119, 806, '00:40:02', 25),
(1111, 806, '01:20:16', 50),
(1115, 806, '01:21:11', 50),
(1119, 806, '01:20:47', 50),
        --Prova8
(1101, 807, '00:40:01', 25),
(1105, 807, '00:40:20', 25),
(1109, 807, '00:40:06', 25),
(1101, 807, '02:40:04', 100),
(1105, 807, '02:40:18', 100),
(1109, 807, '02:40:12', 100),
        --Prova9
(1114, 808, '00:40:12', 25),
(1118, 808, '00:40:26', 25),
(1114, 808, '05:21:11', 200),
(1118, 808, '05:21:15', 200),
        --Prova10
(1103, 809, '00:40:05', 25),
(1107, 809, '00:40:21', 25),
(1103, 809, '10:40:12', 400),
(1107, 809, '10:40:16', 400),
        --Prova11
(1112, 810, '00:40:18', 25),
(1116, 810, '00:39:54', 25),
(1120, 810, '00:40:02', 25),
(1112, 810, '21:31:25', 800),
(1116, 810, '21:27:59', 800),
(1120, 810, '21:30:15', 800),
        --Prova12
(1101, 811, '00:40:20', 25),
(1105, 811, '00:40:18', 25),
(1109, 811, '00:40:02', 25),
        --Prova13
(1114, 812, '00:40:06', 25),
(1118, 812, '00:40:11', 25),
(1114, 812, '01:20:07', 50),
(1118, 812, '01:20:19', 50),
        --Prova14
(1103, 813, '00:40:25', 25),
(1107, 813, '00:39:58', 25),
(1103, 813, '02:41:40', 100),
(1107, 813, '02:43:16', 100),
--Competição2
        --Prova1
(1102, 814, '01:19:48', 50),
(1106, 814, '01:20:24', 50),
(1110, 814, '01:20:14', 50),
(1102, 814, '05:22:45', 400),
(1106, 814, '05:21:41', 400),
(1110, 814, '05:21:75', 400),

        --Prova2
(1113, 815, '00:39:58', 50),
(1117, 815, '00:40:25', 50),
(1113, 815, '10:41:41', 400),
(1117, 815, '10:42:45', 400),

        --Prova3
(1112, 816, '01:20:42', 50),
(1116, 816, '01:20:16', 50),
(1120, 816, '01:20:42', 50),

        --Prova4
(1101, 817, '01:20:24', 50),
(1105, 817, '01:20:44', 50),
(1109, 817, '01:20:14', 50),

        --Prova5
(1114, 818, '01:20:08', 50),
(1118, 818, '01:20:42', 50),
(1114, 818, '02:40:37', 100),
(1118, 818, '02:40:15', 100),

        --Prova6
(1104, 819, '01:22:22', 50),
(1108, 819, '01:22:12', 50),
(1104, 819, '05:20:35', 200),
(1108, 819, '05:21:11', 200),

        --Prova7
(1111, 820, '01:19:48', 50),
(1115, 820, '01:20:24', 50),
(1119, 820, '01:20:14', 50),
(1111, 820, '10:40:15', 400),
(1115, 820, '10:42:19', 400),
(1119, 820, '10:43:12', 400),

        --Prova8
(1101, 821, '01:20:20', 50),
(1105, 821, '01:20:42', 50),
(1109, 821, '01:19:58', 50),
(1101, 821, '21:32:13', 800),
(1105, 821, '21:29:07', 800),
(1109, 821, '21:31:28', 800),

        --Prova9
(1114, 822, '01:19:48', 50),
(1118, 822, '01:20:24', 50),

        --Prova10
(1103, 823, '01:20:10', 50),
(1107, 823, '01:20:20', 50),

        --Prova11
(1112, 824, '01:20:68', 50),
(1116, 824, '01:00:26', 50),
(1120, 824, '01:26:12', 50),
(1112, 824, '02:32:13', 100),
(1116, 824, '02:29:07', 100),
(1120, 824, '02:31:28', 100),

        --Prova12
(1101, 825, '01:20:14', 50),
(1105, 825, '01:20:40', 50),
(1109, 825, '01:20:32', 50),
(1101, 825, '05:22:07', 200),
(1105, 825, '05:21:37', 200),
(1109, 825, '05:23:47', 200),

        --Prova13
(1114, 826, '01:20:24', 50),
(1118, 826, '01:20:54', 50),
(1114, 826, '10:42:13', 400),
(1118, 826, '10:43:42', 400),

        --Prova14
(1103, 827, '01:20:29', 50),
(1107, 827, '01:20:19', 50),
(1103, 827, '21:29:08', 800),
(1107, 827, '21:31:29', 800),



--Clube 107--
--Competição1
        --Prova1
(1122, 800, '00:40:01', 25),
(1126, 800, '00:40:20', 25),
(1130, 800, '00:40:06', 25),
        --Prova2
(1133, 801, '00:40:15', 25),
(1137, 801, '00:40:21', 25),
(1133, 801, '01:19:57', 50),
(1137, 801, '01:20:03', 50),
        --Prova3
(1132, 802, '00:40:07', 25),
(1136, 802, '00:40:21', 25),
(1140, 802, '00:40:15', 25),
(1132, 802, '05:20:32', 200),
(1136, 802, '05:21:21', 200),
(1140, 802, '05:20:57', 200),
        --Prova4
(1121, 803, '00:40:05', 25),
(1125, 803, '00:40:08', 25),
(1129, 803, '00:40:02', 25),
(1121, 803, '10:42:16', 400),
(1125, 803, '10:42:08', 400),
(1129, 803, '10:41:46', 400),
        --Prova5
(1134, 804, '00:40:07', 25),
(1138, 804, '00:40:21', 25),
(1134, 804, '19:47:51', 800),
(1138, 804, '19:47:52', 800),
        --Prova6
(1124, 805, '00:40:19', 25),
(1128, 805, '00:40:06', 25),
        --Prova7
(1131, 806, '00:40:07', 25),
(1135, 806, '00:40:21', 25),
(1139, 806, '00:40:15', 25),
(1131, 806, '01:20:17', 50),
(1135, 806, '01:20:10', 50),
(1139, 806, '01:19:46', 50),
        --Prova8
(1121, 807, '00:39:56', 25),
(1125, 807, '00:40:19', 25),
(1129, 807, '00:40:07', 25),
(1121, 807, '02:40:14', 100),
(1125, 807, '02:40:52', 100),
(1129, 807, '02:40:32', 100),
        --Prova9
(1134, 808, '00:40:17', 25),
(1138, 808, '00:40:11', 25),
(1134, 808, '05:21:09', 200),
(1138, 808, '05:20:58', 200),
        --Prova10
(1123, 809, '00:40:18', 25),
(1127, 809, '00:40:15', 25),
(1123, 809, '10:40:32', 400),
(1127, 809, '10:40:34', 400),   
        --Prova11
(1132, 810, '00:40:07', 25),
(1136, 810, '00:40:21', 25),
(1140, 810, '00:40:15', 25),
(1132, 810, '21:32:10', 800),
(1136, 810, '21:29:48', 800),
(1140, 810, '21:31:40', 800),
        --Prova12
(1121, 811, '00:40:03', 25),
(1125, 811, '00:40:19', 25),
(1129, 811, '00:40:10', 25),
        --Prova13
(1134, 812, '00:40:19', 25),
(1138, 812, '00:40:21', 25),
(1134, 812, '01:20:13', 50),
(1138, 812, '01:20:04', 50),
        --Prova14
(1123, 813, '00:40:05', 25),
(1127, 813, '00:40:18', 25),
(1123, 813, '02:40:20', 100),
(1127, 813, '02:41:48', 100),

    --Competição2
        --Prova1
(1122, 814, '01:19:49', 50),
(1126, 814, '01:20:25', 50),
(1130, 814, '01:20:15', 50),
(1122, 814, '05:22:46', 400),
(1126, 814, '05:21:42', 400),
(1130, 814, '05:21:76', 400),

        --Prova2
(1133, 815, '00:39:59', 50),
(1137, 815, '00:40:26', 50),
(1133, 815, '10:41:42', 400),
(1137, 815, '10:42:46', 400),

        --Prova3
(1132, 816, '01:20:43', 50),
(1136, 816, '01:20:17', 50),
(1140, 816, '01:20:43', 50),

        --Prova4
(1121, 817, '01:20:25', 50),
(1125, 817, '01:20:45', 50),
(1129, 817, '01:20:15', 50),

        --Prova5
(1134, 818, '01:20:09', 50),
(1138, 818, '01:20:43', 50),
(1134, 818, '02:40:38', 100),
(1138, 818, '02:40:16', 100),

        --Prova6
(1124, 819, '01:22:23', 50),
(1128, 819, '01:22:13', 50),
(1124, 819, '05:20:36', 200),
(1128, 819, '05:21:12', 200),

        --Prova7
(1131, 820, '01:19:49', 50),
(1135, 820, '01:20:25', 50),
(1139, 820, '01:20:15', 50),
(1131, 820, '10:40:16', 400),
(1135, 820, '10:42:20', 400),
(1139, 820, '10:43:13', 400),

        --Prova8
(1121, 821, '01:20:21', 50),
(1125, 821, '01:20:43', 50),
(1129, 821, '01:19:59', 50),
(1121, 821, '21:32:14', 800),
(1125, 821, '21:29:08', 800),
(1129, 821, '21:31:29', 800),

        --Prova9
(1134, 822, '01:19:49', 50),
(1138, 822, '01:20:25', 50),

        --Prova10
(1123, 823, '01:20:11', 50),
(1127, 823, '01:20:21', 50),

        --Prova11
(1132, 824, '01:20:69', 50),
(1136, 824, '01:00:27', 50),
(1140, 824, '01:26:13', 50),
(1132, 824, '02:32:14', 100),
(1136, 824, '02:29:08', 100),
(1140, 824, '02:31:29', 100),

        --Prova12
(1121, 825, '01:20:15', 50),
(1125, 825, '01:20:41', 50),
(1129, 825, '01:20:33', 50),
(1121, 825, '05:22:08', 200),
(1125, 825, '05:21:38', 200),
(1129, 825, '05:23:48', 200),

        --Prova13
(1134, 826, '01:20:25', 50),
(1138, 826, '01:20:55', 50),
(1134, 826, '10:42:14', 400),
(1138, 826, '10:43:43', 400),

        --Prova14
(1123, 827, '01:20:30', 50),
(1127, 827, '01:20:20', 50),
(1123, 827, '21:29:09', 800),
(1127, 827, '21:31:30', 800),



--Clube 108--
--Competição1
        --Prova1
(1142, 800, '00:40:19', 25),
(1146, 800, '00:39:56', 25),
(1150, 800, '00:40:09', 25),
        --Prova2
(1153, 801, '00:40:14', 25),
(1157, 801, '00:39:49', 25),
(1153, 801, '01:20:08', 50),
(1157, 801, '01:20:23', 50),
        --Prova3
(1152, 802, '00:39:57', 25),
(1156, 802, '00:40:03', 25),
(1160, 802, '00:40:08', 25),
(1152, 802, '05:20:32', 200),
(1156, 802, '05:21:21', 200),
(1160, 802, '05:20:57', 200),
        --Prova4
(1141, 803, '00:39:49', 25),
(1145, 803, '00:40:14', 25),
(1149, 803, '00:40:01', 25),
(1141, 803, '10:41:54', 400),
(1145, 803, '10:42:30', 400),
(1149, 803, '10:42:16', 400),
        --Prova5
(1154, 804, '00:40:01', 25),
(1158, 804, '00:40:20', 25),
(1154, 804, '19:47:53', 800),
(1158, 804, '19:47:54', 800),
        --Prova6
(1144, 805, '00:40:19', 25),
(1148, 805, '00:40:06', 25),
        --Prova7
(1151, 806, '00:39:57', 25),
(1155, 806, '00:40:03', 25),
(1159, 806, '00:40:08', 25),
(1151, 806, '01:20:20', 50),
(1155, 806, '01:20:02', 50),
(1159, 806, '01:19:52', 50),
        --Prova8
(1141, 807, '00:40:03', 25),
(1145, 807, '00:40:14', 25),
(1149, 807, '00:39:57', 25),
(1141, 807, '02:40:12', 100),
(1145, 807, '02:40:52', 100),
(1149, 807, '02:40:29', 100),
        --Prova9
(1154, 808, '00:40:12', 25),
(1158, 808, '00:40:17', 25),
(1154, 808, '05:21:08', 200),
(1158, 808, '05:20:09', 200),
        --Prova10
(1143, 809, '00:40:12', 25),
(1147, 809, '00:40:19', 25),
(1143, 809, '10:40:12', 400),
(1147, 809, '10:40:14', 400),
        --Prova11
(1152, 810, '00:39:57', 25),
(1156, 810, '00:40:03', 25),
(1160, 810, '00:40:08', 25),
(1152, 810, '21:30:42', 800),
(1156, 810, '21:28:56', 800),
(1160, 810, '21:31:25', 800),
        --Prova12
(1141, 811, '00:40:23', 25),
(1145, 811, '00:40:06', 25),
(1149, 811, '00:40:08', 25),
        --Prova13
(1154, 812, '00:40:08', 25),
(1158, 812, '00:40:07', 25),
(1154, 812, '01:20:16', 50),
(1158, 812, '01:20:06', 50),
        --Prova14
(1143, 813, '00:40:10', 25),
(1147, 813, '00:40:25', 25),
(1143, 813, '02:40:40', 100),
(1147, 813, '02:42:10', 100),
    --Competição 2
        --Prova1
(1142, 814, '01:19:50', 50),
(1146, 814, '01:20:26', 50),
(1150, 814, '01:20:16', 50),
(1142, 814, '05:22:47', 400),
(1146, 814, '05:21:43', 400),
(1150, 814, '05:21:77', 400),

        --Prova2
(1153, 815, '00:40:00', 50),
(1157, 815, '00:40:27', 50),
(1153, 815, '10:41:43', 400),
(1157, 815, '10:42:47', 400),

        --Prova3
(1152, 816, '01:20:44', 50),
(1156, 816, '01:20:18', 50),
(1160, 816, '01:20:44', 50),

        --Prova4
(1141, 817, '01:20:26', 50),
(1145, 817, '01:20:46', 50),
(1149, 817, '01:20:16', 50),

        --Prova5
(1154, 818, '01:20:10', 50),
(1158, 818, '01:20:44', 50),
(1154, 818, '02:40:39', 100),
(1158, 818, '02:40:17', 100),

        --Prova6
(1144, 819, '01:22:24', 50),
(1148, 819, '01:22:14', 50),
(1144, 819, '05:20:37', 200),
(1148, 819, '05:21:13', 200),

        --Prova7
(1151, 820, '01:19:50', 50),
(1155, 820, '01:20:26', 50),
(1159, 820, '01:20:16', 50),
(1151, 820, '10:40:17', 400),
(1155, 820, '10:42:21', 400),
(1159, 820, '10:43:14', 400),

        --Prova8
(1141, 821, '01:20:22', 50),
(1145, 821, '01:20:44', 50),
(1149, 821, '01:20:00', 50),
(1141, 821, '21:32:15', 800),
(1145, 821, '21:29:09', 800),
(1149, 821, '21:31:30', 800),

        --Prova9
(1154, 822, '01:19:50', 50),
(1158, 822, '01:20:26', 50),

        --Prova10
(1143, 823, '01:20:12', 50),
(1147, 823, '01:20:22', 50),

        --Prova11
(1152, 824, '01:20:70', 50),
(1156, 824, '01:00:28', 50),
(1160, 824, '01:26:14', 50),
(1152, 824, '02:32:15', 100),
(1156, 824, '02:29:09', 100),
(1160, 824, '02:31:30', 100),

        --Prova12
(1141, 825, '01:20:16', 50),
(1145, 825, '01:20:42', 50),
(1149, 825, '01:20:34', 50),
(1141, 825, '05:22:09', 200),
(1145, 825, '05:21:39', 200),
(1149, 825, '05:23:49', 200),

        --Prova13
(1154, 826, '01:20:26', 50),
(1158, 826, '01:20:56', 50),
(1154, 826, '10:42:15', 400),
(1158, 826, '10:43:44', 400),

        --Prova14
(1143, 827, '01:20:31', 50),
(1147, 827, '01:20:21', 50),
(1143, 827, '21:29:10', 800),
(1147, 827, '21:31:31', 800),

--Clube 109--
--Competição1
        --Prova1
(1142, 800, '00:40:17', 25),
(1146, 800, '00:40:11', 25),
(1150, 800, '00:40:04', 25),
        --Prova2
(1173, 801, '00:40:23', 25),
(1177, 801, '00:40:08', 25),
(1173, 801, '01:19:49', 50),
(1177, 801, '01:20:14', 50),
        --Prova3
(1172, 802, '00:40:20', 25),
(1176, 802, '00:40:06', 25),
(1180, 802, '00:40:19', 25),
(1172, 802, '05:20:12', 200),
(1176, 802, '05:20:09', 200),
(1180, 802, '05:20:14', 200),
        --Prova4
(1161, 803, '00:40:02', 25),
(1165, 803, '00:40:20', 25),
(1169, 803, '00:40:08', 25),
(1161, 803, '10:42:42', 400),
(1165, 803, '10:43:36', 400),
(1169, 803, '10:43:22', 400),
        --Prova5
(1174, 804, '00:40:19', 25),
(1178, 804, '00:40:06', 25),
(1174, 804, '19:46:29', 800),
(1178, 804, '19:46:27', 800),
        --Prova6
(1164, 805, '00:40:19', 25),
(1168, 805, '00:40:06', 25),
        --Prova7
(1171, 806, '00:40:20', 25),
(1175, 806, '00:40:06', 25),
(1179, 806, '00:40:19', 25),
(1171, 806, '01:20:23', 50),
(1175, 806, '01:20:15', 50),
(1179, 806, '01:20:10', 50),
        --Prova8
(1161, 807, '00:40:14', 25),
(1165, 807, '00:40:12', 25),
(1169, 807, '00:40:19', 25),
(1161, 807, '02:40:56', 100),
(1165, 807, '02:40:52', 100),
(1169, 807, '02:40:32', 100),
        --Prova9
(1174, 808, '00:40:20', 25),
(1178, 808, '00:40:06', 25),
(1174, 808, '05:20:41', 200),
(1178, 808, '05:20:15', 200),
        --Prova10
(1163, 809, '00:40:06', 25),
(1167, 809, '00:40:11', 25),
(1163, 809, '10:40:18', 400),
(1167, 809, '10:40:23', 400),
        --Prova11
(1172, 810, '00:40:20', 25),
(1176, 810, '00:40:06', 25),
(1180, 810, '00:40:19', 25),
(1172, 810, '21:32:10', 800),
(1176, 810, '21:29:48', 800),
(1180, 810, '21:32:28', 800),
        --Prova12
(1161, 811, '00:40:21', 25),
(1165, 811, '00:40:05', 25),
(1169, 811, '00:40:11', 25),
        --Prova13
(1174, 812, '00:40:23', 25),
(1178, 812, '00:40:09', 25),
(1174, 812, '01:20:11', 50),
(1178, 812, '01:20:09', 50),
        --Prova14
(1163, 813, '00:40:05', 25),
(1167, 813, '00:40:18', 25),
(1163, 813, '02:40:20', 100),
(1167, 813, '02:41:52', 100),
--Competição 2
    --Prova1
(1162, 814, '01:19:51', 50),
(1166, 814, '01:20:27', 50),
(1170, 814, '01:20:17', 50),
(1162, 814, '05:22:48', 400),
(1166, 814, '05:21:44', 400),
(1170, 814, '05:21:78', 400),

    --Prova2
(1173, 815, '00:40:01', 50),
(1177, 815, '00:40:28', 50),
(1173, 815, '10:41:44', 400),
(1177, 815, '10:42:48', 400),

--Prova3
(1172, 816, '01:20:45', 50),
(1176, 816, '01:20:19', 50),
(1180, 816, '01:20:45', 50),

--Prova4
(1161, 817, '01:20:27', 50),
(1165, 817, '01:20:47', 50),
(1169, 817, '01:20:17', 50),

--Prova5
(1174, 818, '01:20:11', 50),
(1178, 818, '01:20:45', 50),
(1174, 818, '02:40:40', 100),
(1178, 818, '02:40:18', 100),

--Prova6
(1164, 819, '01:22:25', 50),
(1168, 819, '01:22:15', 50),
(1164, 819, '05:20:38', 200),
(1168, 819, '05:21:14', 200),

--Prova7
(1171, 820, '01:19:51', 50),
(1175, 820, '01:20:27', 50),
(1179, 820, '01:20:17', 50),
(1171, 820, '10:40:18', 400),
(1175, 820, '10:42:22', 400),
(1179, 820, '10:43:15', 400),

--Prova8
(1181, 821, '01:20:23', 50),
(1185, 821, '01:20:45', 50),
(1189, 821, '01:20:01', 50),
(1181, 821, '21:32:16', 800),
(1185, 821, '21:29:10', 800),
(1189, 821, '21:31:31', 800),

--Prova9
(1174, 822, '01:19:51', 50),
(1178, 822, '01:20:27', 50),

--Prova10
(1163, 823, '01:20:13', 50),
(1167, 823, '01:20:23', 50),

--Prova11
(1172, 824, '01:20:71', 50),
(1176, 824, '01:00:29', 50),
(1180, 824, '01:26:15', 50),
(1172, 824, '02:32:16', 100),
(1176, 824, '02:29:10', 100),
(1180, 824, '02:31:31', 100),

--Prova12
(1161, 825, '01:20:17', 50),
(1165, 825, '01:20:43', 50),
(1169, 825, '01:20:35', 50),
(1161, 825, '05:22:10', 200),
(1165, 825, '05:21:40', 200),
(1169, 825, '05:23:50', 200),

--Prova13
(1174, 826, '01:20:27', 50),
(1178, 826, '01:20:57', 50),
(1174, 826, '10:42:16', 400),
(1178, 826, '10:43:45', 400),

--Prova14
(1163, 827, '01:20:32', 50),
(1167, 827, '01:20:22', 50),
(1163, 827, '21:29:11', 800),
(1167, 827, '21:31:32', 800),


--Clube 110--
--Competição1
        --Prova1
(1182, 800, '00:40:13', 25),
(1186, 800, '00:40:22', 25),
(1190, 800, '00:39:55', 25),
        --Prova2
(1193, 801, '00:40:03', 25),
(1197, 801, '00:39:57', 25),
(1193, 801, '01:20:01', 50),
(1197, 801, '01:20:20', 50),
        --Prova3
(1192, 802, '00:39:56', 25),
(1196, 802, '00:40:09', 25),
(1200, 802, '00:40:17', 25),
(1192, 802, '05:20:08', 200),
(1196, 802, '05:20:15', 200),
(1200, 802, '05:20:10', 200),
        --Prova4
(1181, 803, '00:40:32', 25),
(1185, 803, '00:40:23', 25),
(1189, 803, '00:40:05', 25),
(1181, 803, '10:42:30', 400),
(1185, 803, '10:42:16', 400),
(1189, 803, '10:41:38', 400),
        --Prova5
(1194, 804, '00:40:09', 25),
(1198, 804, '00:40:17', 25),
(1194, 804, '19:56:26', 800),
(1198, 804, '19:56:17', 800),
        --Prova6
(1184, 805, '00:40:19', 25),
(1188, 805, '00:40:06', 25),
        --Prova7
(1191, 806, '00:39:56', 25),
(1195, 806, '00:40:09', 25),
(1199, 806, '00:40:17', 25),
(1191, 806, '01:20:19', 50),
(1195, 806, '01:20:18', 50),
(1199, 806, '01:20:10', 50),
        --Prova8
(1181, 807, '00:40:08', 25),
(1185, 807, '00:40:10', 25),
(1189, 807, '00:40:19', 25),
(1181, 807, '02:40:32', 100),
(1185, 807, '02:40:34', 100),
(1189, 807, '02:40:38', 100),
        --Prova9
(1194, 808, '00:39:56', 25),
(1198, 808, '00:40:09', 25),
(1194, 808, '05:20:10', 200),
(1198, 808, '05:20:15', 200),
        --Prova10
(1183, 809, '00:40:23', 25),
(1187, 809, '00:40:19', 25),
(1183, 809, '10:40:34', 400),
(1187, 809, '10:40:38', 400),
        --Prova11
(1192, 810, '00:39:56', 25),
(1196, 810, '00:40:09', 25),
(1200, 810, '00:40:17', 25),
(1192, 810, '21:31:25', 800),
(1196, 810, '21:27:59', 800),
(1200, 810, '21:30:15', 800),
        --Prova12
(1181, 811, '00:40:18', 25),
(1185, 811, '00:40:06', 25),
(1189, 811, '00:40:03', 25),
        --Prova13
(1194, 812, '00:40:11', 25),
(1198, 812, '00:40:04', 25),
(1194, 812, '01:20:13', 50),
(1198, 812, '01:20:04', 50),
        --Prova14
(1183, 813, '00:39:52', 25),
(1187, 813, '00:40:10', 25),
(1183, 813, '02:39:28', 100),
(1187, 813, '02:40:40', 100),
--Competição 2
    --Prova1
(1182, 814, '01:19:52', 50),
(1186, 814, '01:20:28', 50),
(1190, 814, '01:20:18', 50),
(1182, 814, '05:22:49', 400),
(1186, 814, '05:21:45', 400),
(1190, 814, '05:21:79', 400),

    --Prova2
(1193, 815, '00:40:02', 50),
(1197, 815, '00:40:29', 50),
(1193, 815, '10:41:45', 400),
(1197, 815, '10:42:49', 400),

--Prova3
(1192, 816, '01:20:46', 50),
(1196, 816, '01:20:20', 50),
(1200, 816, '01:20:46', 50),

--Prova4
(1181, 817, '01:20:28', 50),
(1185, 817, '01:20:48', 50),
(1189, 817, '01:20:18', 50),

--Prova5
(1194, 818, '01:20:12', 50),
(1198, 818, '01:20:46', 50),
(1194, 818, '02:40:41', 100),
(1198, 818, '02:40:19', 100),

--Prova6
(1184, 819, '01:22:26', 50),
(1188, 819, '01:22:16', 50),
(1184, 819, '05:20:39', 200),
(1188, 819, '05:21:15', 200),

--Prova7
(1191, 820, '01:19:52', 50),
(1195, 820, '01:20:28', 50),
(1199, 820, '01:20:18', 50),
(1191, 820, '10:40:19', 400),
(1195, 820, '10:42:23', 400),
(1199, 820, '10:43:16', 400),

--Prova8
(1201, 821, '01:20:24', 50),
(1205, 821, '01:20:46', 50),
(1209, 821, '01:20:02', 50),
(1201, 821, '21:32:17', 800),
(1205, 821, '21:29:11', 800),
(1209, 821, '21:31:32', 800),

--Prova9
(1194, 822, '01:19:52', 50),
(1198, 822, '01:20:28', 50),

--Prova10
(1183, 823, '01:20:14', 50),
(1187, 823, '01:20:24', 50),

--Prova11
(1192, 824, '01:20:72', 50),
(1196, 824, '01:00:30', 50),
(1200, 824, '01:26:16', 50),
(1192, 824, '02:32:17', 100),
(1196, 824, '02:29:11', 100),
(1200, 824, '02:31:32', 100),

--Prova12
(1181, 825, '01:20:18', 50),
(1185, 825, '01:20:44', 50),
(1189, 825, '01:20:36', 50),
(1181, 825, '05:22:11', 200),
(1185, 825, '05:21:41', 200),
(1189, 825, '05:23:51', 200),

--Prova13
(1194, 826, '01:20:28', 50),
(1198, 826, '01:20:58', 50),
(1194, 826, '10:42:17', 400),
(1198, 826, '10:43:46', 400),

--Prova14
(1183, 827, '01:20:33', 50),
(1187, 827, '01:20:23', 50),
(1183, 827, '21:29:12', 800),
(1187, 827, '21:31:33', 800);
