PRAGMA	foreign_keys	=	ON;

INSERT INTO Ranking_Final (Posicao, NMedalhas) VALUES
(1, 1, 15),
(2, 2, 14),
(3, 3, 13),
(4, 4, 12),
(5, 5, 11),
(6, 6, 10),
(7, 7, 9),
(8, 8, 8),
(9, 9, 7),
(10, 10, 6);

INSERT INTO Clube (ClubeID, NomeClube, DataFundacao, Morada, Ranking_FinalID) VALUES
(101, 'Clube A', '2020-01-01', 'Rua A, Cidade A', 1),
(102, 'Clube B', '2015-03-10', 'Rua B, Cidade B', 2),
(103, 'Clube C', '2008-11-22', 'Rua C, Cidade C', 3),
(104, 'Clube D', '2000-04-15', 'Rua D, Cidade D', 4),
(105, 'Clube E', '2012-09-08', 'Rua E, Cidade E', 5),
(106, 'Clube F', '2017-06-05', 'Rua F, Cidade F', 6),
(107, 'Clube G', '2006-12-30', 'Rua G, Cidade G', 7),
(108, 'Clube H', '2019-08-18', 'Rua H, Cidade H', 8),
(109, 'Clube I', '2014-02-28', 'Rua I, Cidade I', 9),
(110, 'Clube J', '2011-10-20', 'Rua J, Cidade J', 10);

INSERT INTO Escalao (EscalaoID, NomeEscalao, IdadeMin, IdadeMax) VALUES 
(120, 'Infantil', 8, 10),
(121, 'Juvenil', 11, 14),
(122, 'Júnior', 15, 17),
(123, 'Sénior', 18, 25);



INSERT INTO Nadador (NadadorID, NomeNadador, DataNascimento, GeneroNadador, Nacionalidade, ClueID, EscalaoID) VALUES 
--Clube 101
(1001, 'Nadador1', '2009-02-15', 'Masculino', 'Nacionalidade1', 101, 121),
(1002, 'Nadador2', '2010-01-15', 'Masculino', 'Nacionalidade2', 101, 120),  
(1003, 'Nadador3', '2009-04-22', 'Masculino', 'Nacionalidade3', 101, 121), 
(1004, 'Nadador4', '2008-06-30', 'Masculino', 'Nacionalidade4', 101, 122),
(1005, 'Nadador5', '2006-09-12', 'Masculino', 'Nacionalidade5', 101, 123),
(1006, 'Nadador6', '2009-03-20', 'Masculino', 'Nacionalidade6', 101, 120),  
(1007, 'Nadador7', '2008-06-10', 'Masculino', 'Nacionalidade7', 101, 121), 
(1008, 'Nadador8', '2007-09-05', 'Masculino', 'Nacionalidade8', 101, 122),
(1009, 'Nadador9', '2005-12-15', 'Masculino', 'Nacionalidade9', 101, 123),
(1010, 'Nadadora2', '2011-02-10', 'Feminino', 'Nacionalidade10', 101, 120),  
(1011, 'Nadadora3', '2010-05-15', 'Feminino', 'Nacionalidade11', 101, 121), 
(1012, 'Nadadora4', '2009-08-20', 'Feminino', 'Nacionalidade12', 101, 122),
(1013, 'Nadadora5', '2007-11-25', 'Feminino', 'Nacionalidade13', 101, 123),
(1014, 'Nadadora6', '2010-10-10', 'Feminino', 'Nacionalidade14', 101, 121), 
(1015, 'Nadadora7', '2009-01-15', 'Feminino', 'Nacionalidade15', 101, 120),  
(1016, 'Nadadora8', '2008-04-22', 'Feminino', 'Nacionalidade16', 101, 121), 
(1017, 'Nadadora9', '2007-06-30', 'Feminino', 'Nacionalidade17', 101, 122),
(1018, 'Nadadora10', '2005-09-12', 'Feminino', 'Nacionalidade18', 101, 123),
(1019, 'Nadadora11', '2009-03-20', 'Feminino', 'Nacionalidade19', 101, 120), 
(1020, 'Nadadora12', '2008-06-10', 'Feminino', 'Nacionalidade20', 101, 121),
--Clube 102
(1021, 'Nadador21', '2012-01-15', 'Masculino', 'Nacionalidade21', 102, 120),  
(1022, 'Nadador22', '2009-04-22', 'Masculino', 'Nacionalidade22', 102, 121), 
(1023, 'Nadador23', '2005-06-30', 'Masculino', 'Nacionalidade23', 102, 122),
(1024, 'Nadador24', '2001-09-12', 'Masculino', 'Nacionalidade24', 102, 123),
(1025, 'Nadador25', '2012-03-20', 'Masculino', 'Nacionalidade25', 102, 120),  
(1026, 'Nadador26', '2009-06-10', 'Masculino', 'Nacionalidade26', 102, 121), 
(1027, 'Nadador27', '2005-09-05', 'Masculino', 'Nacionalidade27', 102, 122),
(1028, 'Nadador28', '2001-12-15', 'Masculino', 'Nacionalidade28', 102, 123),
(1029, 'Nadador29', '2012-02-10', 'Masculino', 'Nacionalidade29', 102, 120),  
(1030, 'Nadador30', '2009-05-15', 'Masculino', 'Nacionalidade30', 102, 121), 
(1031, 'Nadadora21', '2005-08-20', 'Feminino', 'Nacionalidade31', 102, 122),
(1032, 'Nadadora22', '2001-11-25', 'Feminino', 'Nacionalidade32', 102, 123),
(1033, 'Nadadora23', '2012-10-10', 'Feminino', 'Nacionalidade33', 102, 120),  
(1034, 'Nadadora24', '2009-01-15', 'Feminino', 'Nacionalidade34', 102, 121), 
(1035, 'Nadadora25', '2005-04-22', 'Feminino', 'Nacionalidade35', 102, 122),
(1036, 'Nadadora26', '2001-06-30', 'Feminino', 'Nacionalidade36', 102, 123),
(1037, 'Nadadora27', '2012-09-12', 'Feminino', 'Nacionalidade37', 102, 120),  
(1038, 'Nadadora28', '2009-03-20', 'Feminino', 'Nacionalidade38', 102, 121), 
(1039, 'Nadadora29', '2005-06-10', 'Feminino', 'Nacionalidade39', 102, 122),
(1040, 'Nadadora30', '2001-09-12', 'Feminino', 'Nacionalidade40', 102, 123),
--Clube 103
(1041, 'Nadador41', '2012-01-15', 'Masculino', 'Nacionalidade41', 103, 120),  
(1042, 'Nadador42', '2009-04-22', 'Masculino', 'Nacionalidade42', 103, 121),  
(1043, 'Nadador43', '2005-06-30', 'Masculino', 'Nacionalidade43', 103, 122), 
(1044, 'Nadador44', '2001-09-12', 'Masculino', 'Nacionalidade44', 103, 123), 
(1045, 'Nadador45', '2012-03-20', 'Masculino', 'Nacionalidade45', 103, 120),  
(1046, 'Nadador46', '2009-06-10', 'Masculino', 'Nacionalidade46', 103, 121),  
(1047, 'Nadador47', '2005-09-05', 'Masculino', 'Nacionalidade47', 103, 122), 
(1048, 'Nadador48', '2001-12-15', 'Masculino', 'Nacionalidade48', 103, 123), 
(1049, 'Nadador49', '2012-02-10', 'Masculino', 'Nacionalidade49', 103, 120),  
(1050, 'Nadador50', '2009-05-15', 'Masculino', 'Nacionalidade50', 103, 121),  
(1051, 'Nadadora41', '2005-08-20', 'Feminino', 'Nacionalidade51', 103, 122), 
(1052, 'Nadadora42', '2001-11-25', 'Feminino', 'Nacionalidade52', 103, 123), 
(1053, 'Nadadora43', '2012-10-10', 'Feminino', 'Nacionalidade53', 103, 120),  
(1054, 'Nadadora44', '2009-01-15', 'Feminino', 'Nacionalidade54', 103, 121),  
(1055, 'Nadadora45', '2005-04-22', 'Feminino', 'Nacionalidade55', 103, 122), 
(1056, 'Nadadora46', '2001-06-30', 'Feminino', 'Nacionalidade56', 103, 123), 
(1057, 'Nadadora47', '2012-09-12', 'Feminino', 'Nacionalidade57', 103, 120), 
(1058, 'Nadadora48', '2009-03-20', 'Feminino', 'Nacionalidade58', 103, 121),  
(1059, 'Nadadora49', '2005-06-10', 'Feminino', 'Nacionalidade59', 103, 122), 
(1060, 'Nadadora50', '2001-09-12', 'Feminino', 'Nacionalidade60', 103, 123),
--Clube 104
(1061, 'Nadador61', '2012-01-15', 'Masculino', 'Nacionalidade61', 104, 120),  
(1062, 'Nadador62', '2009-04-22', 'Masculino', 'Nacionalidade62', 104, 121), 
(1063, 'Nadador63', '2005-06-30', 'Masculino', 'Nacionalidade63', 104, 122),
(1064, 'Nadador64', '2001-09-12', 'Masculino', 'Nacionalidade64', 104, 123),
(1065, 'Nadador65', '2012-03-20', 'Masculino', 'Nacionalidade65', 104, 120),  
(1066, 'Nadador66', '2009-06-10', 'Masculino', 'Nacionalidade66', 104, 121), 
(1067, 'Nadador67', '2005-09-05', 'Masculino', 'Nacionalidade67', 104, 122),
(1068, 'Nadador68', '2001-12-15', 'Masculino', 'Nacionalidade68', 104, 123),
(1069, 'Nadador69', '2012-02-10', 'Masculino', 'Nacionalidade69', 104, 120),  
(1070, 'Nadador70', '2009-05-15', 'Masculino', 'Nacionalidade70', 104, 121), 
(1071, 'Nadadora61', '2005-08-20', 'Feminino', 'Nacionalidade71', 104, 122),
(1072, 'Nadadora62', '2001-11-25', 'Feminino', 'Nacionalidade72', 104, 123),
(1073, 'Nadadora63', '2012-10-10', 'Feminino', 'Nacionalidade73', 104, 120),  
(1074, 'Nadadora64', '2009-01-15', 'Feminino', 'Nacionalidade74', 104, 121), 
(1075, 'Nadadora65', '2005-04-22', 'Feminino', 'Nacionalidade75', 104, 122),
(1076, 'Nadadora66', '2001-06-30', 'Feminino', 'Nacionalidade76', 104, 123),
(1077, 'Nadadora67', '2012-09-12', 'Feminino', 'Nacionalidade77', 104, 120),  
(1078, 'Nadadora68', '2009-03-20', 'Feminino', 'Nacionalidade78', 104, 121), 
(1079, 'Nadadora69', '2005-06-10', 'Feminino', 'Nacionalidade79', 104, 122),
(1080, 'Nadadora70', '2001-09-12', 'Feminino', 'Nacionalidade80', 104, 123),
--Clube 105
(1081, 'Nadador81', '2012-01-15', 'Masculino', 'Nacionalidade81', 105, 120),  
(1082, 'Nadador82', '2009-04-22', 'Masculino', 'Nacionalidade82', 105, 121),  
(1083, 'Nadador83', '2005-06-30', 'Masculino', 'Nacionalidade83', 105, 122), 
(1084, 'Nadador84', '2001-09-12', 'Masculino', 'Nacionalidade84', 105, 123), 
(1085, 'Nadador85', '2012-03-20', 'Masculino', 'Nacionalidade85', 105, 120),  
(1086, 'Nadador86', '2009-06-10', 'Masculino', 'Nacionalidade86', 105, 121),  
(1087, 'Nadador87', '2005-09-05', 'Masculino', 'Nacionalidade87', 105, 122), 
(1088, 'Nadador88', '2001-12-15', 'Masculino', 'Nacionalidade88', 105, 123),
(1089, 'Nadador89', '2012-02-10', 'Masculino', 'Nacionalidade89', 105, 120),  
(1090, 'Nadador90', '2009-05-15', 'Masculino', 'Nacionalidade90', 105, 121),  
(1091, 'Nadadora81', '2005-08-20', 'Feminino', 'Nacionalidade91', 105, 122), 
(1092, 'Nadadora82', '2001-11-25', 'Feminino', 'Nacionalidade92', 105, 123), 
(1093, 'Nadadora83', '2012-10-10', 'Feminino', 'Nacionalidade93', 105, 120),  
(1094, 'Nadadora84', '2009-01-15', 'Feminino', 'Nacionalidade94', 105, 121),  
(1095, 'Nadadora85', '2005-04-22', 'Feminino', 'Nacionalidade95', 105, 122), 
(1096, 'Nadadora86', '2001-06-30', 'Feminino', 'Nacionalidade96', 105, 123), 
(1097, 'Nadadora87', '2012-09-12', 'Feminino', 'Nacionalidade97', 105, 120),  
(1098, 'Nadadora88', '2009-03-20', 'Feminino', 'Nacionalidade98', 105, 121),  
(1099, 'Nadadora89', '2005-06-10', 'Feminino', 'Nacionalidade99', 105, 122), 
(1100, 'Nadadora90', '2001-09-12', 'Feminino', 'Nacionalidade100', 105, 123),
--Clube 106
(1101, 'Nadador101', '2012-01-15', 'Masculino', 'Nacionalidade101', 106, 120),  
(1102, 'Nadador102', '2009-04-22', 'Masculino', 'Nacionalidade102', 106, 121),  
(1103, 'Nadador103', '2005-06-30', 'Masculino', 'Nacionalidade103', 106, 122), 
(1104, 'Nadador104', '2001-09-12', 'Masculino', 'Nacionalidade104', 106, 123), 
(1105, 'Nadador105', '2012-03-20', 'Masculino', 'Nacionalidade105', 106, 120),  
(1106, 'Nadador106', '2009-06-10', 'Masculino', 'Nacionalidade106', 106, 121),  
(1107, 'Nadador107', '2005-09-05', 'Masculino', 'Nacionalidade107', 106, 122), 
(1108, 'Nadador108', '2001-12-15', 'Masculino', 'Nacionalidade108', 106, 123), 
(1109, 'Nadador109', '2012-02-10', 'Masculino', 'Nacionalidade109', 106, 120),  
(1110, 'Nadador110', '2009-05-15', 'Masculino', 'Nacionalidade110', 106, 121),  
(1111, 'Nadadora101', '2005-08-20', 'Feminino', 'Nacionalidade111', 106, 122), 
(1112, 'Nadadora102', '2001-11-25', 'Feminino', 'Nacionalidade112', 106, 123), 
(1113, 'Nadadora103', '2012-10-10', 'Feminino', 'Nacionalidade113', 106, 120),  
(1114, 'Nadadora104', '2009-01-15', 'Feminino', 'Nacionalidade114', 106, 121),  
(1115, 'Nadadora105', '2005-04-22', 'Feminino', 'Nacionalidade115', 106, 122), 
(1116, 'Nadadora106', '2001-06-30', 'Feminino', 'Nacionalidade116', 106, 123), 
(1117, 'Nadadora107', '2012-09-12', 'Feminino', 'Nacionalidade117', 106, 120),  
(1118, 'Nadadora108', '2009-03-20', 'Feminino', 'Nacionalidade118', 106, 121),  
(1119, 'Nadadora109', '2005-06-10', 'Feminino', 'Nacionalidade119', 106, 122), 
(1120, 'Nadadora110', '2001-09-12', 'Feminino', 'Nacionalidade120', 106, 123),
--Clube 107
(1121, 'Nadador121', '2012-01-15', 'Masculino', 'Nacionalidade121', 107, 120),  
(1122, 'Nadador122', '2009-04-22', 'Masculino', 'Nacionalidade122', 107, 121), 
(1123, 'Nadador123', '2005-06-30', 'Masculino', 'Nacionalidade123', 107, 122),
(1124, 'Nadador124', '2001-09-12', 'Masculino', 'Nacionalidade124', 107, 123),
(1125, 'Nadador125', '2012-03-20', 'Masculino', 'Nacionalidade125', 107, 120),  
(1126, 'Nadador126', '2009-06-10', 'Masculino', 'Nacionalidade126', 107, 121), 
(1127, 'Nadador127', '2005-09-05', 'Masculino', 'Nacionalidade127', 107, 122),
(1128, 'Nadador128', '2001-12-15', 'Masculino', 'Nacionalidade128', 107, 123),
(1129, 'Nadador129', '2012-02-10', 'Masculino', 'Nacionalidade129', 107, 120),  
(1130, 'Nadador130', '2009-05-15', 'Masculino', 'Nacionalidade130', 107, 121), 
(1131, 'Nadadora121', '2005-08-20', 'Feminino', 'Nacionalidade131', 107, 122),
(1132, 'Nadadora122', '2001-11-25', 'Feminino', 'Nacionalidade132', 107, 123),
(1133, 'Nadadora123', '2012-10-10', 'Feminino', 'Nacionalidade133', 107, 120),  
(1134, 'Nadadora124', '2009-01-15', 'Feminino', 'Nacionalidade134', 107, 121), 
(1135, 'Nadadora125', '2005-04-22', 'Feminino', 'Nacionalidade135', 107, 122),
(1136, 'Nadadora126', '2001-06-30', 'Feminino', 'Nacionalidade136', 107, 123),
(1137, 'Nadadora127', '2012-09-12', 'Feminino', 'Nacionalidade137', 107, 120),  
(1138, 'Nadadora128', '2009-03-20', 'Feminino', 'Nacionalidade138', 107, 121), 
(1139, 'Nadadora129', '2005-06-10', 'Feminino', 'Nacionalidade139', 107, 122),
(1140, 'Nadadora130', '2001-09-12', 'Feminino', 'Nacionalidade140', 107, 123),
--Clube 108
(1141, 'Nadador141', '2012-01-15', 'Masculino', 'Nacionalidade141', 108, 120),  
(1142, 'Nadador142', '2009-04-22', 'Masculino', 'Nacionalidade142', 108, 121),  
(1143, 'Nadador143', '2005-06-30', 'Masculino', 'Nacionalidade143', 108, 122), 
(1144, 'Nadador144', '2001-09-12', 'Masculino', 'Nacionalidade144', 108, 123), 
(1145, 'Nadador145', '2012-03-20', 'Masculino', 'Nacionalidade145', 108, 120),  
(1146, 'Nadador146', '2009-06-10', 'Masculino', 'Nacionalidade146', 108, 121),  
(1147, 'Nadador147', '2005-09-05', 'Masculino', 'Nacionalidade147', 108, 122), 
(1148, 'Nadador148', '2001-12-15', 'Masculino', 'Nacionalidade148', 108, 123),
(1149, 'Nadador149', '2012-02-10', 'Masculino', 'Nacionalidade149', 108, 120),  
(1150, 'Nadador150', '2009-05-15', 'Masculino', 'Nacionalidade150', 108, 121),  
(1151, 'Nadadora141', '2005-08-20', 'Feminino', 'Nacionalidade151', 108, 122), 
(1152, 'Nadadora142', '2001-11-25', 'Feminino', 'Nacionalidade152', 108, 123), 
(1153, 'Nadadora143', '2012-10-10', 'Feminino', 'Nacionalidade153', 108, 120),  
(1154, 'Nadadora144', '2009-01-15', 'Feminino', 'Nacionalidade154', 108, 121),  
(1155, 'Nadadora145', '2005-04-22', 'Feminino', 'Nacionalidade155', 108, 122), 
(1156, 'Nadadora146', '2001-06-30', 'Feminino', 'Nacionalidade156', 108, 123), 
(1157, 'Nadadora147', '2012-09-12', 'Feminino', 'Nacionalidade157', 108, 120),  
(1158, 'Nadadora148', '2009-03-20', 'Feminino', 'Nacionalidade158', 108, 121),  
(1159, 'Nadadora149', '2005-06-10', 'Feminino', 'Nacionalidade159', 108, 122), 
(1160, 'Nadadora150', '2001-09-12', 'Feminino', 'Nacionalidade160', 108, 123),
--Clube 109
(1161, 'Nadador161', '2012-01-15', 'Masculino', 'Nacionalidade161', 109, 120),  
(1162, 'Nadador162', '2009-04-22', 'Masculino', 'Nacionalidade162', 109, 121),  
(1163, 'Nadador163', '2005-06-30', 'Masculino', 'Nacionalidade163', 109, 122), 
(1164, 'Nadador164', '2001-09-12', 'Masculino', 'Nacionalidade164', 109, 123), 
(1165, 'Nadador165', '2012-03-20', 'Masculino', 'Nacionalidade165', 109, 120),  
(1166, 'Nadador166', '2009-06-10', 'Masculino', 'Nacionalidade166', 109, 121),  
(1167, 'Nadador167', '2005-09-05', 'Masculino', 'Nacionalidade167', 109, 122), 
(1168, 'Nadador168', '2001-12-15', 'Masculino', 'Nacionalidade168', 109, 123), 
(1169, 'Nadador169', '2012-02-10', 'Masculino', 'Nacionalidade169', 109, 120),  
(1170, 'Nadador170', '2009-05-15', 'Masculino', 'Nacionalidade170', 109, 121),  
(1171, 'Nadadora161', '2005-08-20', 'Feminino', 'Nacionalidade171', 109, 122), 
(1172, 'Nadadora162', '2001-11-25', 'Feminino', 'Nacionalidade172', 109, 123), 
(1173, 'Nadadora163', '2012-10-10', 'Feminino', 'Nacionalidade173', 109, 120),  
(1174, 'Nadadora164', '2009-01-15', 'Feminino', 'Nacionalidade174', 109, 121),  
(1175, 'Nadadora165', '2005-04-22', 'Feminino', 'Nacionalidade175', 109, 122), 
(1176, 'Nadadora166', '2001-06-30', 'Feminino', 'Nacionalidade176', 109, 123), 
(1177, 'Nadadora167', '2012-09-12', 'Feminino', 'Nacionalidade177', 109, 120),  
(1178, 'Nadadora168', '2009-03-20', 'Feminino', 'Nacionalidade178', 109, 121),  
(1179, 'Nadadora169', '2005-06-10', 'Feminino', 'Nacionalidade179', 109, 122), 
(1180, 'Nadadora170', '2001-09-12', 'Feminino', 'Nacionalidade180', 109, 123),
--Clube 110
(1181, 'Nadador181', '2012-01-15', 'Masculino', 'Nacionalidade181', 110, 120),  
(1182, 'Nadador182', '2009-04-22', 'Masculino', 'Nacionalidade182', 110, 121), 
(1183, 'Nadador183', '2005-06-30', 'Masculino', 'Nacionalidade183', 110, 122),
(1184, 'Nadador184', '2001-09-12', 'Masculino', 'Nacionalidade184', 110, 123),
(1185, 'Nadador185', '2012-03-20', 'Masculino', 'Nacionalidade185', 110, 120),  
(1186, 'Nadador186', '2009-06-10', 'Masculino', 'Nacionalidade186', 110, 121), 
(1187, 'Nadador187', '2005-09-05', 'Masculino', 'Nacionalidade187', 110, 122),
(1188, 'Nadador188', '2001-12-15', 'Masculino', 'Nacionalidade188', 110, 123),
(1189, 'Nadador189', '2012-02-10', 'Masculino', 'Nacionalidade189', 110, 120),  
(1190, 'Nadador190', '2009-05-15', 'Masculino', 'Nacionalidade190', 110, 121), 
(1191, 'Nadadora181', '2005-08-20', 'Feminino', 'Nacionalidade191', 110, 122),
(1192, 'Nadadora182', '2001-11-25', 'Feminino', 'Nacionalidade192', 110, 123),
(1193, 'Nadadora183', '2012-10-10', 'Feminino', 'Nacionalidade193', 110, 120),  
(1194, 'Nadadora184', '2009-01-15', 'Feminino', 'Nacionalidade194', 110, 121), 
(1195, 'Nadadora185', '2005-04-22', 'Feminino', 'Nacionalidade195', 110, 122),
(1196, 'Nadadora186', '2001-06-30', 'Feminino', 'Nacionalidade196', 110, 123),
(1197, 'Nadadora187', '2012-09-12', 'Feminino', 'Nacionalidade197', 110, 120),  
(1198, 'Nadadora188', '2009-03-20', 'Feminino', 'Nacionalidade198', 110, 121), 
(1199, 'Nadadora189', '2005-06-10', 'Feminino', 'Nacionalidade199', 110, 122),
(1200, 'Nadadora190', '2001-09-12', 'Feminino', 'Nacionalidade200', 110, 123);

INSERT INTO Estilo (EstiloID, Crawl, Mariposa, Brucos, Costas, Livre) VALUES
(30, TRUE, FALSE, FALSE, FALSE, FALSE),--CRAWL
(31, FALSE, TRUE, FALSE, FALSE, FALSE),--MARIPOSA
(32, FALSE, FALSE, TRUE, FALSE, FALSE),--BRUÇOS
(33, FALSE, FALSE, FALSE, TRUE, FALSE),--COSTAS
(34, FALSE, FALSE, FALSE, FALSE, TRUE);--LIVRE

INSERT INTO Distancia(DistanciaID, Comprimento) VALUES 
(70, 25), 
(71, 50), 
(72, 100), 
(73, 200), 
(74, 400), 
(75, 800);

INSERT INTO Piscina (PiscinaID, DistanciaPiscina, Localizacao)
VALUES
(80, 25, 'Localizacao1'),
(81, 50, 'Localizacao2'),
(82, 25, 'Localizacao3'),
(83, 50, 'Localizacao4'),
(84, 25, 'Localizacao5'),
(85, 50, 'Localizacao6');

INSERT INTO Competicao (CompeticaoID, NomeCompeticao, Data, PiscinaID) VALUES 
(150, 'Competicao1', '2022-05-15', 80),
(151, 'Competicao2', '2022-07-20', 81),
(152, 'Competicao3', '2022-09-10', 82),
(153, 'Competicao4', '2022-11-05', 83),
(154, 'Competicao5', '2022-06-25', 84),
(155, 'Competicao6', '2022-08-15', 85),
(156, 'Competicao7', '2022-10-02', 80),
(157, 'Competicao8', '2022-12-18', 81),
(158, 'Competicao9', '2022-07-05', 82),
(159, 'Competicao10', '2022-09-30', 83),
(160, 'Competicao11', '2022-11-20', 84),
(161, 'Competicao12', '2022-06-10', 85),
(162, 'Competicao13', '2022-08-30', 80),
(163, 'Competicao14', '2022-10-15', 81),
(164, 'Competicao15', '2022-12-02', 82);

INSERT INTO Patrocinios (PatrociniosID, Patrocinador, TipoPatrocinio) VALUES 
(201, 'Empresa1', 'Main Sponsor'),
(202, 'Empresa2', 'Supporting Sponsor'),
(203, 'Empresa3', 'Event Sponsor'),
(204, 'Empresa4', 'Main Sponsor'),
(205, 'Empresa5', 'Supporting Sponsor'),
(206, 'Empresa6', 'Event Sponsor'),
(207, 'Empresa7', 'Main Sponsor'),
(208, 'Empresa8', 'Supporting Sponsor'),
(209, 'Empresa9', 'Event Sponsor'),
(210, 'Empresa10', 'Main Sponsor'),
(211, 'Empresa11', 'Supporting Sponsor'),
(212, 'Empresa12', 'Event Sponsor'),
(213, 'Empresa13', 'Main Sponsor'),
(214, 'Empresa14', 'Supporting Sponsor'),
(215, 'Empresa15', 'Event Sponsor'),
(216, 'Empresa16', 'Main Sponsor'),
(217, 'Empresa17', 'Supporting Sponsor'),
(218, 'Empresa18', 'Event Sponsor'),
(219, 'Empresa19', 'Main Sponsor'),
(220, 'Empresa20', 'Supporting Sponsor');

INSERT INTO Patrocina (PatrociniosID, CompeticaoID)
VALUES
(201, 150),
(202, 150), 
(203, 151), 
(204, 151), 
(205, 152),
(206, 152), 
(207, 153), 
(208, 153), 
(209, 154), 
(210, 154),
(211, 155), 
(212, 155), 
(213, 156), 
(214, 156), 
(215, 157),
(216, 157), 
(217, 158), 
(218, 158), 
(219, 159), 
(220, 159), 
(201, 160), 
(202, 160), 
(203, 161), 
(204, 161), 
(205, 162),  
(206, 162), 
(207, 163), 
(208, 163), 
(209, 164), 
(210, 164);

INSERT INTO Prova (ProvaID, GeneroProva, EscalaoID, DistanciaID, EstiloID, CompeticaoID) VALUES 
(200, 'Masculino', 120, 70, 30, 150),
(201, 'Feminino', 121, 71, 31, 151),
(202, 'Masculino', 122, 72, 32, 152),
(203, 'Feminino', 123, 73, 33, 153),
(204, 'Masculino', 120, 74, 34, 154),
(205, 'Feminino', 121, 75, 30, 155),
(206, 'Masculino', 122, 70, 31, 156),
(207, 'Feminino', 123, 71, 32, 157),
(208, 'Masculino', 120, 72, 33, 158),
(209, 'Feminino', 121, 73, 34, 159),
(210, 'Masculino', 122, 74, 30, 160),
(211, 'Feminino', 123, 75, 31, 161),
(212, 'Masculino', 120, 70, 32, 162),
(213, 'Feminino', 121, 71, 33, 163),
(214, 'Masculino', 122, 72, 34, 164),
(215, 'Feminino', 120, 73, 30, 150),
(216, 'Masculino', 121, 74, 31, 151),
(217, 'Feminino', 122, 75, 32, 152),
(218, 'Masculino', 123, 70, 33, 153),
(219, 'Feminino', 120, 71, 34, 154),
(220, 'Masculino', 121, 72, 30, 155),
(221, 'Feminino', 122, 73, 31, 156),
(222, 'Masculino', 123, 74, 32, 157),
(223, 'Feminino', 120, 75, 33, 158),
(224, 'Masculino', 121, 70, 34, 159),
(225, 'Feminino', 122, 71, 30, 160),
(226, 'Masculino', 123, 72, 31, 161),
(227, 'Feminino', 120, 73, 32, 162),
(228, 'Masculino', 121, 74, 33, 163),
(229, 'Feminino', 122, 75, 34, 164),
(230, 'Masculino', 123, 70, 30, 150),
(231, 'Feminino', 120, 71, 31, 151),
(232, 'Masculino', 121, 72, 32, 152),
(233, 'Feminino', 122, 73, 33, 153),
(234, 'Masculino', 123, 74, 34, 154),
(235, 'Feminino', 120, 75, 30, 155),
(236, 'Masculino', 121, 70, 31, 156),
(237, 'Feminino', 122, 71, 32, 157),
(238, 'Masculino', 123, 72, 33, 158),
(239, 'Feminino', 120, 73, 34, 159),
(240, 'Masculino', 121, 74, 30, 160);

INSERT INTO Prova_Estafetas (ProvaID, EstafetasID, Equipas)
VALUES
(202, 701, '1,2,3,4'),
(203, 702, '5,6,7,8'),
(204, 703, '9,10,11,12'),
(205, 704, '13,14,15,16'),
(208, 705, '17,18,19,20'),
(209, 706, '21,22,23,24'),
(210, 707, '25,26,27,28'),
(211, 708, '29,30,31,32'),
(214, 709, '33,34,35,36'),
(215, 710, '37,38,39,40'),
(216, 711, '41,42,43,44'),
(217, 712, '45,46,47,48'),
(221, 713, '49,50,51,52'),
(222, 714, '53,54,55,56'),
(223, 715, '57,58,59,60'),
(227, 716, '61,62,63,64'),
(228, 717, '65,66,67,68'),
(229, 718, '69,70,71,72'),
(232, 719, '73,74,75,76'),
(233, 720, '77,78,79,80'),
(234, 721, '81,82,83,84'),
(235, 722, '85,86,87,88'),
(238, 723, '89,90,91,92'),
(239, 724, '93,94,95,96'),
(240, 725, '97,98,99,100');


